"Matrix"	"NW_021759527.1_6"	"NW_021778639.1_5"	"NW_021766628.1_435"	"NC_042495.1_162196"	"NC_042493.1_1174092"	"NC_042493.1_1225698"	"NC_042493.1_393531"	"NC_042493.1_958443"	"NC_042493.1_98994"	"NC_042495.1_74610"	"NC_042494.1_1305404"	"NC_042494.1_1233525"	"NC_042495.1_1005728"	"NC_042494.1_879385"	"NC_042495.1_523469"	"NC_042495.1_542810"	"NC_042495.1_1189860"	"NC_042494.1_1545901"	"NC_042495.1_637742"	"NC_042495.1_156750"	"NC_042494.1_981914"	"NC_042494.1_114808"	"NC_042494.1_1620248"	"NC_042494.1_1445413"	"NW_021779998.1_4"	"NC_042495.1_239498"	"NC_042493.1_1104766"	"NC_042494.1_869147"	"NC_042494.1_1539924"	"NW_021758282.1_41"	"NC_042493.1_1091063"	"NC_042496.1_256942"	"NC_042494.1_1631550"	"NC_042495.1_171982"	"NC_042493.1_621527"	"NC_042494.1_87540"	"NC_042495.1_638701"	"NW_021769862.1_63"	"NC_042493.1_78857"	"NC_042493.1_657577"	"NC_042494.1_1321890"	"NC_042496.1_333360"	"NC_042495.1_716231"	"NC_042494.1_577522"	"NC_042495.1_285306"	"NC_042494.1_51365"	"NW_021761645.1_5"	"NC_042495.1_947062"	"NC_042495.1_1151020"	"NW_021761206.1_9"	"NC_042495.1_1137151"	"NC_042494.1_832541"	"NC_042494.1_119470"	"NC_042496.1_262655"	"NC_042494.1_1537924"	"NC_042495.1_1156550"	"NC_042493.1_341360"	"NC_042494.1_781956"	"NC_042493.1_861971"	"NC_042494.1_469681"	"NC_042494.1_236122"	"NW_021760069.1_8"	"NC_042493.1_1150631"	"NC_042495.1_849023"	"NW_021769796.1_10"	"NC_042494.1_1078487"	"NC_042495.1_403730"	"NC_042495.1_712089"	"NC_042493.1_434011"	"NC_042494.1_979874"	"NC_042494.1_1435076"	"NC_042494.1_938464"	"NC_042495.1_1009864"	"NC_042493.1_1013264"	"NC_042494.1_306850"	"NC_042495.1_1011348"	"NC_042493.1_27462"	"NC_042495.1_1125297"	"NC_042494.1_571285"	"NC_042494.1_938389"	"NC_042493.1_237340"	"NC_042495.1_595064"	"NC_042494.1_610043"	"NC_042495.1_623760"	"NC_042495.1_948545"	"NC_042494.1_1457954"	"NC_042494.1_1295504"	"NC_042493.1_615846"	"NC_042493.1_529370"	"NC_042496.1_348312"	"NC_042493.1_47033"	"NC_042494.1_594088"	"NC_042495.1_621326"	"NC_042496.1_327179"	"NC_042493.1_1205485"	"NC_042496.1_324631"	"NC_042496.1_138169"	"NW_021769423.1_43"	"NC_042495.1_914467"	"NC_042493.1_719178"	"NC_042493.1_589814"	"NW_021770778.1_4"	"NC_042493.1_814755"	"NW_021777499.1_1"	"NC_042496.1_271239"	"NC_042494.1_1693074"	"NC_042495.1_766606"	"NC_042494.1_536047"	"NC_042494.1_834853"	"NC_042494.1_95828"	"NC_042494.1_849281"	"NC_042493.1_392996"	"NC_042494.1_602927"	"NC_042494.1_584541"	"NC_042493.1_198272"	"NW_021769990.1_45"	"NW_021770374.1_3969"	"NW_021764088.1_4"	"NC_042494.1_1336295"	"NW_021774267.1_158"	"NC_042494.1_446223"	"NC_042493.1_164053"	"NC_042496.1_185601"	"NC_042493.1_458609"	"NC_042493.1_1181958"	"NC_042495.1_882952"	"NC_042495.1_626103"	"NC_042494.1_461278"	"NC_042493.1_759444"	"NC_042494.1_455282"	"NC_042493.1_620344"	"NC_042493.1_1316706"	"NW_021773707.1_38"	"NW_021760222.1_107"	"NC_042495.1_884949"	"NC_042494.1_397451"	"NC_042495.1_879286"	"NC_042493.1_415101"	"NW_021767597.1_0"	"NC_042494.1_1482126"	"NC_042495.1_389351"	"NC_042495.1_762882"	"NW_021770540.1_4566"	"NW_021765486.1_6"	"NC_042495.1_569688"	"NC_042496.1_197720"	"NC_042493.1_356833"	"NC_042495.1_1089784"	"NW_021761661.1_10"	"NC_042493.1_1057283"	"NW_021768338.1_48"	"NC_042494.1_1474686"	"NC_042495.1_886811"	"NW_021770374.1_6866"	"NC_042493.1_456108"	"NC_042493.1_912909"	"NW_021763361.1_5"	"NC_042495.1_7882"	"NW_021770606.1_129"	"NC_042494.1_1673501"	"NC_042495.1_100010"	"NW_021766334.1_4"	"NC_042495.1_834188"	"NC_042495.1_1003214"	"NW_021769390.1_6"	"NC_042494.1_723461"	"NC_042494.1_962418"	"NC_042496.1_277993"	"NC_042494.1_626952"	"NW_021774045.1_444"	"NC_042496.1_179675"	"NC_042495.1_542209"	"NC_042493.1_1232584"	"NW_021770838.1_39"	"NW_021762869.1_2"	"NC_042493.1_359101"	"NC_042493.1_855898"	"NC_042494.1_1031888"	"NC_042493.1_1221817"	"NC_042494.1_915675"	"NC_042493.1_556824"	"NC_042495.1_319395"	"NC_042495.1_386185"	"NW_021779963.1_205"	"NC_042493.1_102269"	"NC_042496.1_48427"	"NC_042494.1_1076752"	"NC_042495.1_401947"	"NC_042493.1_511909"	"NW_021777508.1_3"	"NW_021770540.1_12263"	"NC_042493.1_104822"	"NW_021768021.1_6"	"NC_042493.1_1137346"	"NW_021763726.1_0"	"NC_042495.1_504780"	"NW_021774511.1_0"	"NC_042495.1_293723"	"NC_042493.1_547413"	"NC_042493.1_827369"
"A"	0.165	0.16	0.155	0.135	0.23	0.24	0.175	0.205	0.235	0.16	0.18	0.27	0.28	0.22	0.25	0.185	0.185	0.18	0.26	0.245	0.255	0.21	0.185	0.155	0.26	0.165	0.235	0.2	0.195	0.19	0.185	0.25	0.23	0.275	0.185	0.26	0.245	0.23	0.22	0.19	0.19	0.215	0.275	0.135	0.275	0.235	0.215	0.24	0.2	0.23	0.165	0.28	0.195	0.16	0.185	0.23	0.25	0.235	0.22	0.23	0.24	0.3	0.19	0.225	0.245	0.23	0.21	0.265	0.2	0.27	0.2	0.145	0.31	0.31	0.19	0.175	0.185	0.245	0.265	0.185	0.255	0.27	0.195	0.235	0.2	0.29	0.18	0.255	0.25	0.28	0.16	0.175	0.28	0.165	0.18	0.215	0.15	0.16	0.235	0.165	0.225	0.26	0.25	0.22	0.275	0.205	0.205	0.24	0.215	0.15	0.27	0.195	0.195	0.275	0.24	0.185	0.145	0.14	0.26	0.115	0.235	0.28	0.275	0.185	0.14	0.265	0.255	0.21	0.205	0.275	0.2	0.195	0.245	0.135	0.125	0.17	0.18	0.235	0.165	0.255	0.13	0.245	0.17	0.235	0.235	0.21	0.19	0.245	0.2	0.265	0.19	0.25	0.195	0.145	0.24	0.23	0.265	0.195	0.215	0.24	0.265	0.165	0.22	0.22	0.21	0.3	0.235	0.27	0.145	0.145	0.22	0.275	0.11	0.22	0.16	0.21	0.28	0.23	0.25	0.255	0.235	0.145	0.18	0.22	0.155	0.125	0.29	0.245	0.255	0.215	0.175	0.175	0.16	0.18	0.295	0.195	0.16	0.26	0.26	0.28
"AA"	0.0202	0.0202	0.0303	0.0303	0.06566	0.07576	0.02525	0.0202	0.07071	0.03535	0.05051	0.10101	0.08586	0.07576	0.09091	0.0202	0.05556	0.0404	0.10606	0.02525	0.07071	0.0202	0.0404	0.0202	0.06566	0.03535	0.07576	0.04545	0.02525	0.07071	0.04545	0.06566	0.04545	0.09091	0.03535	0.07071	0.05051	0.0303	0.05556	0.04545	0.05556	0.03535	0.10101	0.01515	0.11111	0.08081	0.0404	0.05556	0.0303	0.07071	0.02525	0.06061	0.05051	0.02525	0.04545	0.05051	0.06061	0.03535	0.05556	0.06061	0.07576	0.15657	0.06061	0.06566	0.07071	0.05051	0.05051	0.08081	0.05556	0.10606	0.05051	0.01515	0.11111	0.13131	0.03535	0.06061	0.0404	0.04545	0.09091	0.06566	0.11616	0.08586	0.05051	0.05051	0.06061	0.14646	0.06061	0.08586	0.07071	0.09091	0.0303	0.02525	0.11616	0.00505	0.03535	0.06061	0.03535	0.04545	0.08586	0.0303	0.0404	0.11111	0.07071	0.03535	0.10606	0.05051	0.07071	0.11111	0.06566	0.01515	0.11616	0.06061	0.0404	0.08586	0.08586	0.0404	0.0202	0.01515	0.08081	0.03535	0.08081	0.11111	0.12121	0.03535	0.0101	0.14646	0.06566	0.03535	0.06061	0.09091	0.03535	0.05556	0.08586	0.0101	0.0101	0.02525	0.02525	0.11111	0.03535	0.09596	0.01515	0.08081	0.0404	0.06061	0.07576	0.0404	0.02525	0.10606	0.05556	0.07071	0.03535	0.06566	0.0404	0.01515	0.06061	0.05556	0.12626	0.06566	0.05051	0.10101	0.08586	0.07071	0.05051	0.09091	0.05556	0.12626	0.10101	0.09091	0.0202	0.0303	0.05556	0.09596	0.02525	0.06566	0.0202	0.03535	0.11616	0.10101	0.06061	0.09091	0.0303	0.02525	0.04545	0.05556	0.01515	0.0404	0.11616	0.10101	0.06566	0.07071	0.0303	0.04545	0.02525	0.0303	0.20707	0.0404	0.03535	0.09091	0.09091	0.12626
"AT"	0.0202	0.0202	0.0303	0	0.05051	0.0404	0.06061	0.0404	0.06061	0.0303	0.06061	0.07071	0.09091	0.0303	0.08081	0.0303	0.0404	0.0101	0.07071	0.07071	0.08081	0.08081	0.0404	0.0202	0.09091	0.0101	0.07071	0.05051	0.0303	0.0202	0.0404	0.07071	0.06061	0.10101	0.05051	0.10101	0.09091	0.08081	0.06061	0.05051	0.0404	0.07071	0.09091	0.0202	0.06061	0.0303	0.07071	0.08081	0.07071	0.0404	0.0404	0.11111	0.05051	0.0101	0.0303	0.06061	0.06061	0.09091	0.07071	0.05051	0.07071	0.10101	0.0303	0.0404	0.09091	0.09091	0.06061	0.08081	0.05051	0.05051	0.0303	0	0.13131	0.11111	0.0404	0.0202	0.0101	0.11111	0.09091	0.0101	0.05051	0.09091	0.05051	0.06061	0.0303	0.08081	0.0404	0.07071	0.05051	0.09091	0.0202	0.0202	0.08081	0.0404	0.0202	0.07071	0.0202	0.0202	0.07071	0.0202	0.06061	0.08081	0.09091	0.0101	0.09091	0.08081	0.0404	0.0404	0.05051	0.0202	0.08081	0.0404	0.0303	0.06061	0.06061	0.0202	0.0101	0.05051	0.06061	0	0.08081	0.08081	0.09091	0.0202	0	0.05051	0.10101	0.0303	0.0404	0.09091	0.05051	0.0303	0.05051	0.0303	0.0101	0.0404	0.0404	0.06061	0.0303	0.06061	0.0202	0.06061	0.0404	0.05051	0.0404	0.0404	0.0404	0.0404	0.0404	0.09091	0.0404	0.12121	0.0202	0.0202	0.06061	0.0404	0.09091	0.05051	0.06061	0.05051	0.08081	0.0404	0.0303	0.05051	0.0404	0.11111	0.05051	0.09091	0.0202	0.0303	0.09091	0.06061	0	0.06061	0.0303	0.0202	0.09091	0.0101	0.09091	0.07071	0.06061	0.0303	0.0404	0.0404	0.0101	0.0101	0.10101	0.05051	0.10101	0.0404	0.06061	0.0404	0.0404	0.0303	0.0202	0.05051	0.0202	0.09091	0.11111	0.08081
"AC"	0.06061	0.09091	0.0404	0.06061	0.07071	0.08586	0.06061	0.08586	0.05051	0.05051	0.04545	0.05051	0.06566	0.07071	0.05051	0.05556	0.05556	0.08586	0.04545	0.07576	0.04545	0.06566	0.08081	0.07576	0.06061	0.09091	0.05556	0.07576	0.11111	0.08586	0.06566	0.08586	0.08586	0.05556	0.06061	0.0303	0.0303	0.07071	0.02525	0.07071	0.05051	0.07071	0.05051	0.06061	0.07071	0.08081	0.06061	0.07576	0.03535	0.0303	0.07576	0.08081	0.05556	0.07071	0.06566	0.07071	0.07071	0.07576	0.07071	0.05556	0.0303	0.01515	0.05051	0.06061	0.04545	0.0404	0.08081	0.05556	0.05556	0.07576	0.08081	0.08586	0.0303	0.0303	0.07071	0.05556	0.06061	0.06566	0.05556	0.07071	0.06061	0.03535	0.06566	0.03535	0.07071	0.0303	0.05556	0.05556	0.06061	0.06566	0.05051	0.09091	0.0404	0.06566	0.05556	0.02525	0.06566	0.06061	0.04545	0.06566	0.08081	0.0404	0.03535	0.11616	0.05556	0.0404	0.04545	0.03535	0.07071	0.06061	0.03535	0.05051	0.09091	0.07576	0.05556	0.08081	0.05051	0.03535	0.05051	0.06061	0.04545	0.04545	0.0202	0.06061	0.07576	0.02525	0.05051	0.11111	0.05556	0.06061	0.0404	0.08586	0.06061	0.07071	0.07576	0.08081	0.05051	0.0303	0.0303	0.0303	0.05051	0.05556	0.0404	0.07071	0.07071	0.09596	0.05556	0.05556	0.04545	0.03535	0.07576	0.0303	0.07576	0.09091	0.07576	0.07576	0.0303	0.0404	0.06566	0.03535	0.0404	0.02525	0.07071	0.0303	0.04545	0.04545	0.04545	0.05051	0.06566	0.05556	0.03535	0.07576	0.04545	0.05556	0.07576	0.10101	0.02525	0.05556	0.03535	0.04545	0.08586	0.06061	0.06061	0.07071	0.10101	0.06566	0.0303	0.02525	0.05051	0.06061	0.05051	0.06566	0.06061	0.04545	0.05051	0.04545	0.05556	0.05051	0.03535	0.0202
"AG"	0.06061	0.0303	0.05051	0.04545	0.0404	0.0404	0.02525	0.06061	0.05051	0.04545	0.02525	0.04545	0.0404	0.0404	0.0303	0.07576	0.03535	0.04545	0.0404	0.07071	0.06061	0.0404	0.02525	0.0404	0.03535	0.0303	0.02525	0.02525	0.0303	0.0101	0.03535	0.02525	0.03535	0.0303	0.0404	0.05051	0.07071	0.04545	0.08081	0.0202	0.0404	0.0303	0.03535	0.0404	0.0303	0.04545	0.04545	0.02525	0.06061	0.09091	0.02525	0.0303	0.0404	0.05556	0.0404	0.04545	0.05556	0.03535	0.0202	0.06061	0.06566	0.0303	0.05051	0.05556	0.03535	0.05051	0.0202	0.04545	0.0404	0.0404	0.0404	0.0404	0.03535	0.0303	0.0404	0.0404	0.07071	0.0202	0.0303	0.0404	0.02525	0.05556	0.0303	0.08586	0.0404	0.03535	0.02525	0.04545	0.06566	0.02525	0.06061	0.0404	0.0404	0.05051	0.06566	0.05556	0.0303	0.03535	0.0303	0.05051	0.04545	0.02525	0.05556	0.05556	0.02525	0.03535	0.04545	0.05051	0.02525	0.05051	0.03535	0.04545	0.0303	0.04545	0.0404	0.04545	0.06566	0.0404	0.06566	0.0202	0.0303	0.0404	0.04545	0.07071	0.05051	0.04545	0.0404	0.0303	0.0404	0.03535	0.07576	0.02525	0.0404	0.02525	0.02525	0.02525	0.06061	0.03535	0.06566	0.06061	0.04545	0.05051	0.05051	0.05051	0.05051	0.03535	0.06566	0.03535	0.06061	0.07071	0.0404	0.0303	0.05051	0.0202	0.0404	0.05556	0.01515	0.0404	0.03535	0.05556	0.05556	0.0303	0.06566	0.05051	0.06566	0.0202	0.0404	0.0404	0.03535	0.0303	0.0404	0.0404	0.0404	0.0404	0.03535	0.05051	0.0404	0.06061	0.06061	0.04545	0.05556	0.02525	0.0303	0.05556	0.0303	0.0101	0.04545	0.07071	0.0404	0.0404	0.0303	0.02525	0.03535	0.07576	0.0101	0.05556	0.05051	0.0303	0.02525	0.05051
"T"	0.165	0.16	0.155	0.135	0.23	0.24	0.175	0.205	0.235	0.16	0.18	0.27	0.28	0.22	0.25	0.185	0.185	0.18	0.26	0.245	0.255	0.21	0.185	0.155	0.26	0.165	0.235	0.2	0.195	0.19	0.185	0.25	0.23	0.275	0.185	0.26	0.245	0.23	0.22	0.19	0.19	0.215	0.275	0.135	0.275	0.235	0.215	0.24	0.2	0.23	0.165	0.28	0.195	0.16	0.185	0.23	0.25	0.235	0.22	0.23	0.24	0.3	0.19	0.225	0.245	0.23	0.21	0.265	0.2	0.27	0.2	0.145	0.31	0.31	0.19	0.175	0.185	0.245	0.265	0.185	0.255	0.27	0.195	0.235	0.2	0.29	0.18	0.255	0.25	0.28	0.16	0.175	0.28	0.165	0.18	0.215	0.15	0.16	0.235	0.165	0.225	0.26	0.25	0.22	0.275	0.205	0.205	0.24	0.215	0.15	0.27	0.195	0.195	0.275	0.24	0.185	0.145	0.14	0.26	0.115	0.235	0.28	0.275	0.185	0.14	0.265	0.255	0.21	0.205	0.275	0.2	0.195	0.245	0.135	0.125	0.17	0.18	0.235	0.165	0.255	0.13	0.245	0.17	0.235	0.235	0.21	0.19	0.245	0.2	0.265	0.19	0.25	0.195	0.145	0.24	0.23	0.265	0.195	0.215	0.24	0.265	0.165	0.22	0.22	0.21	0.3	0.235	0.27	0.145	0.145	0.22	0.275	0.11	0.22	0.16	0.21	0.28	0.23	0.25	0.255	0.235	0.145	0.18	0.22	0.155	0.125	0.29	0.245	0.255	0.215	0.175	0.175	0.16	0.18	0.295	0.195	0.16	0.26	0.26	0.28
"TA"	0.0202	0.0404	0.0202	0	0.05051	0.09091	0.0303	0.06061	0.06061	0	0.0101	0.07071	0.10101	0.0303	0.09091	0.05051	0.0202	0.0202	0.07071	0.15152	0.08081	0.08081	0.0404	0.0202	0.09091	0.0101	0.0303	0.0404	0.0303	0.0404	0.0202	0.09091	0.06061	0.08081	0.0101	0.05051	0.09091	0.08081	0.09091	0.0303	0	0.10101	0.09091	0.0202	0.06061	0.06061	0.07071	0.08081	0.05051	0.0303	0.0202	0.15152	0.0101	0.0101	0.0202	0.06061	0.10101	0.11111	0.07071	0.06061	0.08081	0.07071	0.0202	0.05051	0.05051	0.07071	0.06061	0.06061	0.05051	0.06061	0.0202	0.0303	0.11111	0.09091	0.0303	0.0303	0.0202	0.11111	0.08081	0.0202	0.0404	0.10101	0.06061	0.09091	0.0303	0.0404	0.0404	0.08081	0.09091	0.11111	0.0202	0.05051	0.08081	0.0202	0.0101	0.0303	0.0202	0	0.0303	0.0303	0.09091	0.05051	0.06061	0.09091	0.11111	0.06061	0.06061	0.06061	0.0404	0.0202	0.09091	0.06061	0.0303	0.11111	0.05051	0.0202	0.0101	0.0101	0.07071	0	0.07071	0.10101	0.08081	0.0101	0	0.06061	0.11111	0.07071	0.0202	0.11111	0.0404	0.0303	0.05051	0.0202	0.0202	0.0404	0.0404	0.0404	0.0303	0.05051	0.0202	0.07071	0.0404	0.07071	0.05051	0.06061	0.07071	0.0404	0.06061	0.10101	0.0404	0.10101	0.05051	0.05051	0.06061	0.07071	0.0404	0.0303	0.0404	0.05051	0.10101	0.0404	0.06061	0.0404	0.05051	0.07071	0.0404	0.10101	0	0	0.0303	0.10101	0.0202	0.05051	0.0202	0.08081	0.08081	0.06061	0.10101	0.08081	0.08081	0.0101	0.0303	0.0303	0.0101	0.0101	0.07071	0.05051	0.08081	0.05051	0.0303	0.0101	0.0202	0.05051	0.0303	0.05051	0.0303	0.06061	0.09091	0.07071
"TT"	0.0202	0.0202	0.0303	0.0303	0.06566	0.07576	0.02525	0.0202	0.07071	0.03535	0.05051	0.10101	0.08586	0.07576	0.09091	0.0202	0.05556	0.0404	0.10606	0.02525	0.07071	0.0202	0.0404	0.0202	0.06566	0.03535	0.07576	0.04545	0.02525	0.07071	0.04545	0.06566	0.04545	0.09091	0.03535	0.07071	0.05051	0.0303	0.05556	0.04545	0.05556	0.03535	0.10101	0.01515	0.11111	0.08081	0.0404	0.05556	0.0303	0.07071	0.02525	0.06061	0.05051	0.02525	0.04545	0.05051	0.06061	0.03535	0.05556	0.06061	0.07576	0.15657	0.06061	0.06566	0.07071	0.05051	0.05051	0.08081	0.05556	0.10606	0.05051	0.01515	0.11111	0.13131	0.03535	0.06061	0.0404	0.04545	0.09091	0.06566	0.11616	0.08586	0.05051	0.05051	0.06061	0.14646	0.06061	0.08586	0.07071	0.09091	0.0303	0.02525	0.11616	0.00505	0.03535	0.06061	0.03535	0.04545	0.08586	0.0303	0.0404	0.11111	0.07071	0.03535	0.10606	0.05051	0.07071	0.11111	0.06566	0.01515	0.11616	0.06061	0.0404	0.08586	0.08586	0.0404	0.0202	0.01515	0.08081	0.03535	0.08081	0.11111	0.12121	0.03535	0.0101	0.14646	0.06566	0.03535	0.06061	0.09091	0.03535	0.05556	0.08586	0.0101	0.0101	0.02525	0.02525	0.11111	0.03535	0.09596	0.01515	0.08081	0.0404	0.06061	0.07576	0.0404	0.02525	0.10606	0.05556	0.07071	0.03535	0.06566	0.0404	0.01515	0.06061	0.05556	0.12626	0.06566	0.05051	0.10101	0.08586	0.07071	0.05051	0.09091	0.05556	0.12626	0.10101	0.09091	0.0202	0.0303	0.05556	0.09596	0.02525	0.06566	0.0202	0.03535	0.11616	0.10101	0.06061	0.09091	0.0303	0.02525	0.04545	0.05556	0.01515	0.0404	0.11616	0.10101	0.06566	0.07071	0.0303	0.04545	0.02525	0.0303	0.20707	0.0404	0.03535	0.09091	0.09091	0.12626
"TC"	0.0303	0.0303	0.0404	0.06061	0.0404	0.0404	0.05051	0.0303	0.04545	0.07576	0.07576	0.06061	0.03535	0.05556	0.0303	0.06061	0.05556	0.07576	0.02525	0.02525	0.0404	0.04545	0.0303	0.0303	0.02525	0.06061	0.06061	0.05556	0.0404	0.0404	0.06566	0.0303	0.05556	0.0202	0.07576	0.08081	0.07576	0.05556	0.02525	0.07071	0.06061	0.02525	0.0202	0.0404	0.0303	0.0404	0.05556	0.04545	0.05556	0.07576	0.04545	0.01515	0.05556	0.06566	0.07576	0.06061	0.04545	0.03535	0.05051	0.06061	0.02525	0.03535	0.06061	0.06566	0.04545	0.04545	0.05556	0.05051	0.06566	0.0404	0.06061	0.0303	0.05051	0.03535	0.07071	0.0404	0.06061	0.0404	0.03535	0.05051	0.05556	0.05051	0.01515	0.0303	0.04545	0.0404	0.0303	0.0404	0.05051	0.03535	0.06566	0.05051	0.05051	0.06566	0.06566	0.06566	0.02525	0.07071	0.05556	0.04545	0.0303	0.04545	0.06061	0.0202	0.02525	0.0202	0.03535	0.01515	0.0202	0.07576	0.0303	0.06566	0.05051	0.03535	0.02525	0.06566	0.06061	0.05556	0.06061	0.06061	0.05051	0.02525	0.0303	0.08081	0.07071	0.0202	0.05556	0.01515	0.05556	0.0101	0.07576	0.05556	0.0303	0.07071	0.05051	0.05556	0.0404	0.0202	0.06566	0.04545	0.0404	0.0404	0.04545	0.05051	0.0404	0.0404	0.05556	0.02525	0.0303	0.05556	0.06566	0.03535	0.04545	0.05051	0.06061	0.04545	0.03535	0.02525	0.03535	0.03535	0.03535	0.04545	0.06566	0.03535	0.06061	0.0404	0.04545	0.0404	0.06061	0.06566	0.08586	0.0202	0.0303	0.06566	0.07071	0.02525	0.0202	0.04545	0.04545	0.0303	0.05556	0.04545	0.04545	0.06061	0.0404	0.0404	0.05051	0.06061	0.07071	0.05556	0.06566	0.06566	0.06566	0.06061	0.0202	0.05051	0.0404	0.01515	0.04545	0.0202
"TG"	0.09596	0.07071	0.06566	0.0404	0.07576	0.03535	0.06566	0.08586	0.06061	0.04545	0.0404	0.0404	0.06061	0.05556	0.0404	0.05556	0.05051	0.04545	0.06061	0.04545	0.05556	0.06061	0.06566	0.08081	0.08081	0.05556	0.07071	0.06061	0.09596	0.03535	0.05051	0.06566	0.06566	0.07576	0.05556	0.06061	0.0303	0.06566	0.04545	0.04545	0.07071	0.05556	0.06061	0.06061	0.07576	0.05051	0.04545	0.06061	0.06566	0.05556	0.07071	0.05051	0.07576	0.06061	0.0404	0.05556	0.04545	0.05556	0.0404	0.05051	0.05051	0.03535	0.04545	0.04545	0.07576	0.06061	0.0404	0.07071	0.02525	0.05556	0.06566	0.06566	0.03535	0.05556	0.05556	0.04545	0.06566	0.05051	0.06061	0.05051	0.04545	0.03535	0.07071	0.06566	0.06566	0.06061	0.04545	0.05051	0.0404	0.04545	0.04545	0.05051	0.0303	0.07071	0.06566	0.06061	0.07071	0.04545	0.06061	0.06061	0.06061	0.05051	0.05556	0.07071	0.0303	0.07576	0.0404	0.05051	0.08586	0.0404	0.0303	0.0101	0.07576	0.04545	0.07576	0.05556	0.05556	0.06061	0.05051	0.0202	0.02525	0.04545	0.03535	0.05556	0.05556	0.03535	0.01515	0.09091	0.07071	0.06061	0.04545	0.05051	0.08081	0.03535	0.04545	0.05051	0.07576	0.06061	0.0303	0.06566	0.05556	0.05051	0.04545	0.05556	0.06566	0.06566	0.0404	0.07576	0.05556	0.0404	0.04545	0.05051	0.06061	0.0303	0.06061	0.06061	0.06061	0.07071	0.08586	0.04545	0.04545	0.0101	0.04545	0.05556	0.04545	0.06061	0.04545	0.0404	0.06566	0.04545	0.05051	0.05556	0.03535	0.03535	0.04545	0.07071	0.06566	0.02525	0.0404	0.05556	0.07071	0.06566	0.06061	0.06566	0.09091	0.03535	0.05556	0.0303	0.0303	0.03535	0.05051	0.05556	0.04545	0.03535	0.0404	0.05051	0.05556	0.09091	0.0303	0.06061
"C"	0.335	0.34	0.345	0.365	0.27	0.26	0.325	0.295	0.265	0.34	0.32	0.23	0.22	0.28	0.25	0.315	0.315	0.32	0.24	0.255	0.245	0.29	0.315	0.345	0.24	0.335	0.265	0.3	0.305	0.31	0.315	0.25	0.27	0.225	0.315	0.24	0.255	0.27	0.28	0.31	0.31	0.285	0.225	0.365	0.225	0.265	0.285	0.26	0.3	0.27	0.335	0.22	0.305	0.34	0.315	0.27	0.25	0.265	0.28	0.27	0.26	0.2	0.31	0.275	0.255	0.27	0.29	0.235	0.3	0.23	0.3	0.355	0.19	0.19	0.31	0.325	0.315	0.255	0.235	0.315	0.245	0.23	0.305	0.265	0.3	0.21	0.32	0.245	0.25	0.22	0.34	0.325	0.22	0.335	0.32	0.285	0.35	0.34	0.265	0.335	0.275	0.24	0.25	0.28	0.225	0.295	0.295	0.26	0.285	0.35	0.23	0.305	0.305	0.225	0.26	0.315	0.355	0.36	0.24	0.385	0.265	0.22	0.225	0.315	0.36	0.235	0.245	0.29	0.295	0.225	0.3	0.305	0.255	0.365	0.375	0.33	0.32	0.265	0.335	0.245	0.37	0.255	0.33	0.265	0.265	0.29	0.31	0.255	0.3	0.235	0.31	0.25	0.305	0.355	0.26	0.27	0.235	0.305	0.285	0.26	0.235	0.335	0.28	0.28	0.29	0.2	0.265	0.23	0.355	0.355	0.28	0.225	0.39	0.28	0.34	0.29	0.22	0.27	0.25	0.245	0.265	0.355	0.32	0.28	0.345	0.375	0.21	0.255	0.245	0.285	0.325	0.325	0.34	0.32	0.205	0.305	0.34	0.24	0.24	0.22
"CA"	0.09596	0.07071	0.06566	0.0404	0.07576	0.03535	0.06566	0.08586	0.06061	0.04545	0.0404	0.0404	0.06061	0.05556	0.0404	0.05556	0.05051	0.04545	0.06061	0.04545	0.05556	0.06061	0.06566	0.08081	0.08081	0.05556	0.07071	0.06061	0.09596	0.03535	0.05051	0.06566	0.06566	0.07576	0.05556	0.06061	0.0303	0.06566	0.04545	0.04545	0.07071	0.05556	0.06061	0.06061	0.07576	0.05051	0.04545	0.06061	0.06566	0.05556	0.07071	0.05051	0.07576	0.06061	0.0404	0.05556	0.04545	0.05556	0.0404	0.05051	0.05051	0.03535	0.04545	0.04545	0.07576	0.06061	0.0404	0.07071	0.02525	0.05556	0.06566	0.06566	0.03535	0.05556	0.05556	0.04545	0.06566	0.05051	0.06061	0.05051	0.04545	0.03535	0.07071	0.06566	0.06566	0.06061	0.04545	0.05051	0.0404	0.04545	0.04545	0.05051	0.0303	0.07071	0.06566	0.06061	0.07071	0.04545	0.06061	0.06061	0.06061	0.05051	0.05556	0.07071	0.0303	0.07576	0.0404	0.05051	0.08586	0.0404	0.0303	0.0101	0.07576	0.04545	0.07576	0.05556	0.05556	0.06061	0.05051	0.0202	0.02525	0.04545	0.03535	0.05556	0.05556	0.03535	0.01515	0.09091	0.07071	0.06061	0.04545	0.05051	0.08081	0.03535	0.04545	0.05051	0.07576	0.06061	0.0303	0.06566	0.05556	0.05051	0.04545	0.05556	0.06566	0.06566	0.0404	0.07576	0.05556	0.0404	0.04545	0.05051	0.06061	0.0303	0.06061	0.06061	0.06061	0.07071	0.08586	0.04545	0.04545	0.0101	0.04545	0.05556	0.04545	0.06061	0.04545	0.0404	0.06566	0.04545	0.05051	0.05556	0.03535	0.03535	0.04545	0.07071	0.06566	0.02525	0.0404	0.05556	0.07071	0.06566	0.06061	0.06566	0.09091	0.03535	0.05556	0.0303	0.0303	0.03535	0.05051	0.05556	0.04545	0.03535	0.0404	0.05051	0.05556	0.09091	0.0303	0.06061
"CT"	0.06061	0.0303	0.05051	0.04545	0.0404	0.0404	0.02525	0.06061	0.05051	0.04545	0.02525	0.04545	0.0404	0.0404	0.0303	0.07576	0.03535	0.04545	0.0404	0.07071	0.06061	0.0404	0.02525	0.0404	0.03535	0.0303	0.02525	0.02525	0.0303	0.0101	0.03535	0.02525	0.03535	0.0303	0.0404	0.05051	0.07071	0.04545	0.08081	0.0202	0.0404	0.0303	0.03535	0.0404	0.0303	0.04545	0.04545	0.02525	0.06061	0.09091	0.02525	0.0303	0.0404	0.05556	0.0404	0.04545	0.05556	0.03535	0.0202	0.06061	0.06566	0.0303	0.05051	0.05556	0.03535	0.05051	0.0202	0.04545	0.0404	0.0404	0.0404	0.0404	0.03535	0.0303	0.0404	0.0404	0.07071	0.0202	0.0303	0.0404	0.02525	0.05556	0.0303	0.08586	0.0404	0.03535	0.02525	0.04545	0.06566	0.02525	0.06061	0.0404	0.0404	0.05051	0.06566	0.05556	0.0303	0.03535	0.0303	0.05051	0.04545	0.02525	0.05556	0.05556	0.02525	0.03535	0.04545	0.05051	0.02525	0.05051	0.03535	0.04545	0.0303	0.04545	0.0404	0.04545	0.06566	0.0404	0.06566	0.0202	0.0303	0.0404	0.04545	0.07071	0.05051	0.04545	0.0404	0.0303	0.0404	0.03535	0.07576	0.02525	0.0404	0.02525	0.02525	0.02525	0.06061	0.03535	0.06566	0.06061	0.04545	0.05051	0.05051	0.05051	0.05051	0.03535	0.06566	0.03535	0.06061	0.07071	0.0404	0.0303	0.05051	0.0202	0.0404	0.05556	0.01515	0.0404	0.03535	0.05556	0.05556	0.0303	0.06566	0.05051	0.06566	0.0202	0.0404	0.0404	0.03535	0.0303	0.0404	0.0404	0.0404	0.0404	0.03535	0.05051	0.0404	0.06061	0.06061	0.04545	0.05556	0.02525	0.0303	0.05556	0.0303	0.0101	0.04545	0.07071	0.0404	0.0404	0.0303	0.02525	0.03535	0.07576	0.0101	0.05556	0.05051	0.0303	0.02525	0.05051
"CC"	0.10101	0.14141	0.10606	0.12626	0.10606	0.10101	0.10606	0.10101	0.11111	0.14646	0.11616	0.11111	0.10101	0.11616	0.13636	0.10101	0.14646	0.10101	0.12626	0.10101	0.11111	0.11111	0.12626	0.11616	0.11616	0.10606	0.10101	0.10606	0.12121	0.10606	0.13131	0.11111	0.10101	0.10101	0.10101	0.10101	0.11111	0.11111	0.14646	0.10606	0.12121	0.13131	0.10606	0.11111	0.10101	0.10101	0.13131	0.10101	0.10606	0.10606	0.11111	0.10606	0.11111	0.10606	0.10606	0.11111	0.10606	0.11616	0.11111	0.10101	0.13636	0.10606	0.10606	0.10101	0.11616	0.10606	0.11616	0.10101	0.10606	0.10606	0.10606	0.11111	0.11111	0.10606	0.10101	0.11111	0.11616	0.10101	0.10606	0.10101	0.11616	0.10606	0.14141	0.11111	0.10101	0.10101	0.10101	0.11616	0.10606	0.10101	0.10606	0.10606	0.13131	0.13636	0.10101	0.11111	0.10101	0.11111	0.12626	0.10101	0.10606	0.10606	0.13131	0.12626	0.11616	0.11616	0.15152	0.14141	0.13636	0.12626	0.12626	0.10101	0.11111	0.10606	0.11111	0.10101	0.11616	0.10606	0.10101	0.14141	0.13131	0.11111	0.12626	0.10606	0.11616	0.15152	0.11111	0.10101	0.12626	0.10606	0.10101	0.10101	0.11616	0.11111	0.11616	0.11111	0.10101	0.15152	0.18182	0.11111	0.12121	0.13131	0.12121	0.13131	0.11616	0.12626	0.13131	0.13636	0.11111	0.10101	0.10101	0.10101	0.14646	0.11616	0.10606	0.11111	0.13131	0.14141	0.13636	0.13131	0.10606	0.12626	0.11616	0.13131	0.10101	0.11111	0.10606	0.11616	0.10606	0.11111	0.10606	0.12121	0.12626	0.10101	0.10606	0.10101	0.10606	0.12626	0.12121	0.10101	0.10101	0.13636	0.10101	0.10101	0.10606	0.15152	0.10606	0.13636	0.12626	0.10101	0.10101	0.10101	0.10606	0.11111	0.11616	0.15152	0.12121	0.10606	0.10101	0.11111
"CG"	0.08081	0.10101	0.12121	0.15152	0.05051	0.08081	0.13131	0.05051	0.0404	0.10101	0.14141	0.0303	0.0202	0.07071	0.0404	0.08081	0.08081	0.13131	0.0101	0.0404	0.0202	0.08081	0.10101	0.11111	0.0101	0.14141	0.07071	0.11111	0.06061	0.16162	0.10101	0.05051	0.07071	0.0202	0.12121	0.0303	0.0404	0.05051	0.0101	0.14141	0.08081	0.07071	0.0202	0.15152	0.0202	0.07071	0.06061	0.07071	0.07071	0.0101	0.13131	0.0303	0.08081	0.12121	0.13131	0.06061	0.0404	0.05051	0.11111	0.06061	0.0101	0.0303	0.11111	0.07071	0.0303	0.05051	0.11111	0.0202	0.13131	0.0303	0.09091	0.14141	0.0101	0	0.11111	0.12121	0.06061	0.08081	0.0404	0.12121	0.06061	0.0303	0.06061	0	0.09091	0.0101	0.15152	0.0303	0.0404	0.05051	0.13131	0.12121	0.0202	0.08081	0.09091	0.06061	0.14141	0.15152	0.05051	0.12121	0.06061	0.06061	0.0101	0.0303	0.05051	0.07071	0.06061	0.0202	0.0404	0.13131	0.0404	0.15152	0.09091	0.0303	0.0303	0.11111	0.11111	0.15152	0.0202	0.20202	0.08081	0.0202	0.0202	0.08081	0.14141	0	0.08081	0.07071	0.06061	0.0202	0.08081	0.13131	0.0202	0.19192	0.19192	0.14141	0.08081	0.0202	0.06061	0.0101	0.15152	0.0202	0.11111	0.0303	0.0303	0.06061	0.07071	0.0101	0.07071	0.0202	0.12121	0.07071	0.05051	0.19192	0.05051	0.0404	0.0303	0.05051	0.0303	0.0303	0.0303	0.17172	0.05051	0.0404	0.08081	0.0101	0.07071	0.0303	0.15152	0.17172	0.08081	0.0101	0.19192	0.10101	0.15152	0.07071	0.0101	0.06061	0.0303	0.0404	0.0404	0.13131	0.13131	0.06061	0.12121	0.17172	0	0.0202	0.05051	0.11111	0.14141	0.14141	0.15152	0.10101	0.0404	0.05051	0.11111	0.0101	0.08081	0
"G"	0.335	0.34	0.345	0.365	0.27	0.26	0.325	0.295	0.265	0.34	0.32	0.23	0.22	0.28	0.25	0.315	0.315	0.32	0.24	0.255	0.245	0.29	0.315	0.345	0.24	0.335	0.265	0.3	0.305	0.31	0.315	0.25	0.27	0.225	0.315	0.24	0.255	0.27	0.28	0.31	0.31	0.285	0.225	0.365	0.225	0.265	0.285	0.26	0.3	0.27	0.335	0.22	0.305	0.34	0.315	0.27	0.25	0.265	0.28	0.27	0.26	0.2	0.31	0.275	0.255	0.27	0.29	0.235	0.3	0.23	0.3	0.355	0.19	0.19	0.31	0.325	0.315	0.255	0.235	0.315	0.245	0.23	0.305	0.265	0.3	0.21	0.32	0.245	0.25	0.22	0.34	0.325	0.22	0.335	0.32	0.285	0.35	0.34	0.265	0.335	0.275	0.24	0.25	0.28	0.225	0.295	0.295	0.26	0.285	0.35	0.23	0.305	0.305	0.225	0.26	0.315	0.355	0.36	0.24	0.385	0.265	0.22	0.225	0.315	0.36	0.235	0.245	0.29	0.295	0.225	0.3	0.305	0.255	0.365	0.375	0.33	0.32	0.265	0.335	0.245	0.37	0.255	0.33	0.265	0.265	0.29	0.31	0.255	0.3	0.235	0.31	0.25	0.305	0.355	0.26	0.27	0.235	0.305	0.285	0.26	0.235	0.335	0.28	0.28	0.29	0.2	0.265	0.23	0.355	0.355	0.28	0.225	0.39	0.28	0.34	0.29	0.22	0.27	0.25	0.245	0.265	0.355	0.32	0.28	0.345	0.375	0.21	0.255	0.245	0.285	0.325	0.325	0.34	0.32	0.205	0.305	0.34	0.24	0.24	0.22
"GA"	0.0303	0.0303	0.0404	0.06061	0.0404	0.0404	0.05051	0.0303	0.04545	0.07576	0.07576	0.06061	0.03535	0.05556	0.0303	0.06061	0.05556	0.07576	0.02525	0.02525	0.0404	0.04545	0.0303	0.0303	0.02525	0.06061	0.06061	0.05556	0.0404	0.0404	0.06566	0.0303	0.05556	0.0202	0.07576	0.08081	0.07576	0.05556	0.02525	0.07071	0.06061	0.02525	0.0202	0.0404	0.0303	0.0404	0.05556	0.04545	0.05556	0.07576	0.04545	0.01515	0.05556	0.06566	0.07576	0.06061	0.04545	0.03535	0.05051	0.06061	0.02525	0.03535	0.06061	0.06566	0.04545	0.04545	0.05556	0.05051	0.06566	0.0404	0.06061	0.0303	0.05051	0.03535	0.07071	0.0404	0.06061	0.0404	0.03535	0.05051	0.05556	0.05051	0.01515	0.0303	0.04545	0.0404	0.0303	0.0404	0.05051	0.03535	0.06566	0.05051	0.05051	0.06566	0.06566	0.06566	0.02525	0.07071	0.05556	0.04545	0.0303	0.04545	0.06061	0.0202	0.02525	0.0202	0.03535	0.01515	0.0202	0.07576	0.0303	0.06566	0.05051	0.03535	0.02525	0.06566	0.06061	0.05556	0.06061	0.06061	0.05051	0.02525	0.0303	0.08081	0.07071	0.0202	0.05556	0.01515	0.05556	0.0101	0.07576	0.05556	0.0303	0.07071	0.05051	0.05556	0.0404	0.0202	0.06566	0.04545	0.0404	0.0404	0.04545	0.05051	0.0404	0.0404	0.05556	0.02525	0.0303	0.05556	0.06566	0.03535	0.04545	0.05051	0.06061	0.04545	0.03535	0.02525	0.03535	0.03535	0.03535	0.04545	0.06566	0.03535	0.06061	0.0404	0.04545	0.0404	0.06061	0.06566	0.08586	0.0202	0.0303	0.06566	0.07071	0.02525	0.0202	0.04545	0.04545	0.0303	0.05556	0.04545	0.04545	0.06061	0.0404	0.0404	0.05051	0.06061	0.07071	0.05556	0.06566	0.06566	0.06566	0.06061	0.0202	0.05051	0.0404	0.01515	0.04545	0.0202
"GT"	0.06061	0.09091	0.0404	0.06061	0.07071	0.08586	0.06061	0.08586	0.05051	0.05051	0.04545	0.05051	0.06566	0.07071	0.05051	0.05556	0.05556	0.08586	0.04545	0.07576	0.04545	0.06566	0.08081	0.07576	0.06061	0.09091	0.05556	0.07576	0.11111	0.08586	0.06566	0.08586	0.08586	0.05556	0.06061	0.0303	0.0303	0.07071	0.02525	0.07071	0.05051	0.07071	0.05051	0.06061	0.07071	0.08081	0.06061	0.07576	0.03535	0.0303	0.07576	0.08081	0.05556	0.07071	0.06566	0.07071	0.07071	0.07576	0.07071	0.05556	0.0303	0.01515	0.05051	0.06061	0.04545	0.0404	0.08081	0.05556	0.05556	0.07576	0.08081	0.08586	0.0303	0.0303	0.07071	0.05556	0.06061	0.06566	0.05556	0.07071	0.06061	0.03535	0.06566	0.03535	0.07071	0.0303	0.05556	0.05556	0.06061	0.06566	0.05051	0.09091	0.0404	0.06566	0.05556	0.02525	0.06566	0.06061	0.04545	0.06566	0.08081	0.0404	0.03535	0.11616	0.05556	0.0404	0.04545	0.03535	0.07071	0.06061	0.03535	0.05051	0.09091	0.07576	0.05556	0.08081	0.05051	0.03535	0.05051	0.06061	0.04545	0.04545	0.0202	0.06061	0.07576	0.02525	0.05051	0.11111	0.05556	0.06061	0.0404	0.08586	0.06061	0.07071	0.07576	0.08081	0.05051	0.0303	0.0303	0.0303	0.05051	0.05556	0.0404	0.07071	0.07071	0.09596	0.05556	0.05556	0.04545	0.03535	0.07576	0.0303	0.07576	0.09091	0.07576	0.07576	0.0303	0.0404	0.06566	0.03535	0.0404	0.02525	0.07071	0.0303	0.04545	0.04545	0.04545	0.05051	0.06566	0.05556	0.03535	0.07576	0.04545	0.05556	0.07576	0.10101	0.02525	0.05556	0.03535	0.04545	0.08586	0.06061	0.06061	0.07071	0.10101	0.06566	0.0303	0.02525	0.05051	0.06061	0.05051	0.06566	0.06061	0.04545	0.05051	0.04545	0.05556	0.05051	0.03535	0.0202
"GC"	0.14141	0.07071	0.16162	0.12121	0.05051	0.0303	0.11111	0.08081	0.06061	0.07071	0.08081	0.0101	0.0101	0.0404	0.0303	0.10101	0.06061	0.05051	0.0404	0.05051	0.05051	0.07071	0.08081	0.12121	0.0404	0.08081	0.05051	0.06061	0.0303	0.08081	0.05051	0.0202	0.0303	0.05051	0.08081	0.0303	0.0404	0.0303	0.08081	0.06061	0.08081	0.06061	0.05051	0.15152	0.0202	0.0404	0.0404	0.0404	0.10101	0.06061	0.10101	0.0202	0.08081	0.09091	0.07071	0.0303	0.0303	0.0404	0.05051	0.05051	0.07071	0.0404	0.09091	0.05051	0.05051	0.08081	0.0404	0.0303	0.07071	0.0101	0.05051	0.13131	0	0.0202	0.07071	0.12121	0.08081	0.05051	0.0303	0.09091	0.0101	0.0404	0.08081	0.09091	0.08081	0.0404	0.13131	0.0303	0.0303	0.0202	0.11111	0.08081	0	0.07071	0.10101	0.08081	0.16162	0.09091	0.0404	0.12121	0.06061	0.05051	0.0202	0.0202	0.0303	0.11111	0.06061	0.07071	0.06061	0.09091	0.0404	0.08081	0.05051	0.0101	0.07071	0.07071	0.13131	0.16162	0.0303	0.12121	0.0404	0.0404	0.05051	0.07071	0.10101	0.0404	0.0303	0.06061	0.06061	0.05051	0.08081	0.06061	0.05051	0.11111	0.13131	0.08081	0.13131	0.06061	0.06061	0.06061	0.15152	0.0303	0.12121	0.0101	0.0404	0.0303	0.07071	0.0404	0.11111	0.0404	0.07071	0.08081	0.0404	0.09091	0.0202	0.0404	0.0404	0.10101	0.05051	0.06061	0.05051	0.13131	0.0303	0.08081	0.08081	0	0.07071	0.0202	0.12121	0.12121	0.05051	0.0101	0.18182	0.06061	0.09091	0.06061	0.07071	0.0404	0.05051	0.07071	0.0202	0.11111	0.11111	0.05051	0.09091	0.12121	0.0202	0.0303	0	0.07071	0.11111	0.09091	0.11111	0.10101	0.0202	0.06061	0.12121	0.07071	0.06061	0.07071
"GG"	0.10101	0.14141	0.10606	0.12626	0.10606	0.10101	0.10606	0.10101	0.11111	0.14646	0.11616	0.11111	0.10101	0.11616	0.13636	0.10101	0.14646	0.10101	0.12626	0.10101	0.11111	0.11111	0.12626	0.11616	0.11616	0.10606	0.10101	0.10606	0.12121	0.10606	0.13131	0.11111	0.10101	0.10101	0.10101	0.10101	0.11111	0.11111	0.14646	0.10606	0.12121	0.13131	0.10606	0.11111	0.10101	0.10101	0.13131	0.10101	0.10606	0.10606	0.11111	0.10606	0.11111	0.10606	0.10606	0.11111	0.10606	0.11616	0.11111	0.10101	0.13636	0.10606	0.10606	0.10101	0.11616	0.10606	0.11616	0.10101	0.10606	0.10606	0.10606	0.11111	0.11111	0.10606	0.10101	0.11111	0.11616	0.10101	0.10606	0.10101	0.11616	0.10606	0.14141	0.11111	0.10101	0.10101	0.10101	0.11616	0.10606	0.10101	0.10606	0.10606	0.13131	0.13636	0.10101	0.11111	0.10101	0.11111	0.12626	0.10101	0.10606	0.10606	0.13131	0.12626	0.11616	0.11616	0.15152	0.14141	0.13636	0.12626	0.12626	0.10101	0.11111	0.10606	0.11111	0.10101	0.11616	0.10606	0.10101	0.14141	0.13131	0.11111	0.12626	0.10606	0.11616	0.15152	0.11111	0.10101	0.12626	0.10606	0.10101	0.10101	0.11616	0.11111	0.11616	0.11111	0.10101	0.15152	0.18182	0.11111	0.12121	0.13131	0.12121	0.13131	0.11616	0.12626	0.13131	0.13636	0.11111	0.10101	0.10101	0.10101	0.14646	0.11616	0.10606	0.11111	0.13131	0.14141	0.13636	0.13131	0.10606	0.12626	0.11616	0.13131	0.10101	0.11111	0.10606	0.11616	0.10606	0.11111	0.10606	0.12121	0.12626	0.10101	0.10606	0.10101	0.10606	0.12626	0.12121	0.10101	0.10101	0.13636	0.10101	0.10101	0.10606	0.15152	0.10606	0.13636	0.12626	0.10101	0.10101	0.10101	0.10606	0.11111	0.11616	0.15152	0.12121	0.10606	0.10101	0.11111
