"Matrix"	"NW_004618216.1_7"	"NW_004581819.1_425"	"NW_004582025.1_10858"	"NW_004582030.1_14263"	"NW_004593426.1_4"	"NW_004582028.1_26909"	"NW_004601625.1_4"	"NW_004582014.1_76306"	"NW_004591071.1_1"	"NW_004582024.1_24450"	"NW_004611695.1_0"	"NW_004582593.1_14"	"NW_004582013.1_64185"	"NW_004581712.1_4515"	"NW_004581745.1_9169"	"NW_004581756.1_9821"	"NW_004582009.1_3324"	"NW_004581689.1_24662"	"NW_004581686.1_5020"	"NW_004581680.1_20040"	"NW_004581683.1_3709"	"NW_004581702.1_4010"	"NW_004582020.1_17509"	"NW_004582027.1_31874"	"NW_004581864.1_631"	"NW_004581685.1_22089"	"NW_004607416.1_2"	"NW_004594738.1_0"	"NW_004582029.1_43085"	"NW_004591373.1_4"	"NW_004624455.1_38"	"NW_004593420.1_4"	"NW_004582028.1_11876"	"NW_004582008.1_33075"	"NW_004582010.1_51030"	"NW_004581695.1_22345"	"NW_004582034.1_33185"	"NW_004581751.1_11419"	"NW_004593426.1_2"	"NW_004582032.1_39874"	"NW_004581743.1_14831"	"NW_004582011.1_39028"	"NW_004581681.1_8354"	"NW_004624056.1_2"	"NW_004582010.1_88337"	"NW_004581840.1_1928"	"NW_004598870.1_3"	"NW_004611073.1_4"	"NW_004582009.1_68154"	"NW_004601565.1_0"	"NW_004582029.1_5330"	"NW_004582022.1_24041"	"NW_004596132.1_5"	"NW_004581742.1_15149"	"NW_004581731.1_6836"	"NW_004582017.1_37343"	"NW_004582015.1_39668"	"NW_004581704.1_26139"	"NW_004585033.1_1"	"NW_004581681.1_11598"	"NW_004622058.1_2"	"NW_004581693.1_11318"	"NW_004581956.1_7"	"NW_004616068.1_0"	"NW_004582029.1_41017"	"NW_004581695.1_13028"	"NW_004619228.1_2"	"NW_004581727.1_12839"	"NW_004595765.1_4"	"NW_004582008.1_54003"	"NW_004581680.1_32808"	"NW_004581754.1_7013"	"NW_004581717.1_7959"	"NW_004582023.1_27750"	"NW_004620826.1_8"	"NW_004582022.1_42040"	"NW_004581716.1_14393"	"NW_004582009.1_22086"	"NW_004582032.1_20518"	"NW_004582017.1_57685"	"NW_004582013.1_54003"	"NW_004581702.1_18370"	"NW_004582036.1_30484"	"NW_004581747.1_11485"	"NW_004607965.1_5"	"NW_004581808.1_3178"	"NW_004582033.1_21482"	"NW_004588162.1_2"	"NW_004581746.1_11728"	"NW_004581735.1_3884"	"NW_004582025.1_14157"	"NW_004609899.1_0"	"NW_004599507.1_5"	"NW_004581736.1_12774"	"NW_004581697.1_23333"	"NW_004606148.1_1"	"NW_004581689.1_11540"	"NW_004611766.1_3"	"NW_004581693.1_6560"	"NW_004582021.1_53003"	"NW_004581722.1_5679"	"NW_004581687.1_37377"	"NW_004581704.1_26328"	"NW_004582023.1_6651"	"NW_004581781.1_3197"	"NW_004582011.1_20968"	"NW_004582009.1_77134"	"NW_004603923.1_4"	"NW_004581768.1_219"	"NW_004594023.1_4"	"NW_004582012.1_55678"	"NW_004616943.1_6"	"NW_004582010.1_95364"	"NW_004597220.1_4"	"NW_004582018.1_18532"	"NW_004581718.1_19663"	"NW_004582581.1_58"	"NW_004596699.1_0"	"NW_004590359.1_2"	"NW_004595454.1_1"	"NW_004581686.1_38872"	"NW_004582014.1_64961"	"NW_004582008.1_148925"	"NW_004582014.1_1808"	"NW_004581695.1_12135"	"NW_004596581.1_1"	"NW_004582014.1_40903"	"NW_004581690.1_27823"	"NW_004582019.1_25734"	"NW_004610276.1_0"	"NW_004581680.1_14082"	"NW_004581689.1_16515"	"NW_004582017.1_32110"	"NW_004581749.1_7428"	"NW_004582020.1_4754"	"NW_004582013.1_31630"	"NW_004582012.1_35176"	"NW_004581756.1_7637"	"NW_004620083.1_1"	"NW_004603395.1_4"	"NW_004581717.1_3990"	"NW_004582009.1_44068"	"NW_004582015.1_39842"	"NW_004610149.1_4"	"NW_004582008.1_91673"	"NW_004582032.1_20968"	"NW_004581789.1_5650"	"NW_004581745.1_10928"	"NW_004582008.1_69752"	"NW_004582016.1_73417"	"NW_004582020.1_53246"	"NW_004614375.1_0"	"NW_004581711.1_969"	"NW_004581742.1_13226"	"NW_004582029.1_29686"	"NW_004582011.1_17937"	"NW_004581712.1_16661"	"NW_004608393.1_0"	"NW_004605807.1_1"	"NW_004582028.1_30120"	"NW_004581750.1_4435"	"NW_004581681.1_862"	"NW_004582034.1_48977"	"NW_004582034.1_23297"	"NW_004582016.1_4793"	"NW_004582014.1_75989"	"NW_004593467.1_4"	"NW_004581752.1_6661"	"NW_004582016.1_58385"	"NW_004620560.1_0"	"NW_004581693.1_24818"	"NW_004582088.1_6"	"NW_004582009.1_18169"	"NW_004597476.1_0"	"NW_004582033.1_46995"	"NW_004582008.1_4326"	"NW_004582021.1_38770"	"NW_004581698.1_17813"	"NW_004582017.1_57013"	"NW_004581713.1_19623"	"NW_004581715.1_18485"	"NW_004581704.1_4542"	"NW_004582010.1_66336"	"NW_004581695.1_7693"	"NW_004581702.1_21544"	"NW_004582022.1_34263"	"NW_004581802.1_110"	"NW_004581786.1_2632"	"NW_004581754.1_8331"	"NW_004581723.1_18592"	"NW_004582018.1_31962"	"NW_004606850.1_2"	"NW_004581679.1_12575"	"NW_004581722.1_17053"	"NW_004581701.1_12230"	"NW_004582507.1_10"	"NW_004603417.1_1"	"NW_004612923.1_3"	"NW_004583545.1_2"	"NW_004624219.1_10"
"A"	0.185	0.155	0.12	0.29	0.165	0.185	0.165	0.17	0.205	0.19	0.18	0.14	0.185	0.16	0.195	0.135	0.16	0.265	0.26	0.19	0.195	0.185	0.21	0.205	0.23	0.185	0.21	0.175	0.185	0.185	0.2	0.14	0.19	0.19	0.245	0.19	0.13	0.155	0.15	0.21	0.09	0.21	0.135	0.215	0.2	0.215	0.195	0.19	0.22	0.16	0.16	0.225	0.17	0.13	0.115	0.23	0.155	0.235	0.125	0.23	0.195	0.215	0.165	0.155	0.195	0.175	0.235	0.205	0.175	0.195	0.18	0.275	0.185	0.205	0.205	0.185	0.15	0.215	0.175	0.185	0.18	0.21	0.225	0.2	0.22	0.185	0.175	0.2	0.115	0.035	0.195	0.19	0.175	0.2	0.2	0.18	0.22	0.175	0.18	0.145	0.235	0.18	0.19	0.235	0.26	0.155	0.15	0.145	0.21	0.215	0.195	0.15	0.19	0.2	0.155	0.17	0.18	0.27	0.18	0.145	0.165	0.15	0.24	0.125	0.195	0.14	0.17	0.185	0.075	0.165	0.21	0.2	0.19	0.155	0.19	0.185	0.225	0.205	0.195	0.18	0.15	0.2	0.235	0.14	0.235	0.16	0.19	0.2	0.205	0.195	0.19	0.21	0.205	0.1	0.19	0.16	0.24	0.18	0.185	0.235	0.22	0.205	0.205	0.2	0.16	0.185	0.205	0.23	0.15	0.185	0.22	0.15	0.155	0.18	0.23	0.125	0.135	0.125	0.21	0.13	0.2	0.165	0.24	0.195	0.185	0.21	0.225	0.195	0.125	0.255	0.215	0.18	0.2	0.08	0.14	0.175	0.17	0.18	0.04	0.235
"AA"	0.03535	0.02525	0.0101	0.08586	0.03535	0.0404	0.00505	0.04545	0.05051	0.0404	0.0404	0	0.0404	0.0303	0.05556	0.01515	0.0202	0.07576	0.08081	0.04545	0.04545	0.02525	0.06061	0.06061	0.08586	0.0404	0.01515	0.02525	0.0202	0.03535	0.03535	0.0101	0.0404	0.04545	0.08081	0.03535	0.00505	0.00505	0.0202	0.04545	0.00505	0.04545	0	0.04545	0.05556	0.07576	0.04545	0.04545	0.05556	0.0202	0.02525	0.10101	0.02525	0.0101	0.0101	0.08586	0.01515	0.09091	0.0101	0.06566	0.05556	0.05556	0.0202	0.0202	0.06061	0.01515	0.13131	0.0404	0.0303	0.06061	0.02525	0.14141	0.03535	0.05051	0.05051	0.06566	0.0202	0.0404	0.02525	0.03535	0.05051	0.06566	0.06061	0.06566	0.03535	0.0202	0.0202	0.0404	0.00505	0	0.03535	0.04545	0.0303	0.05051	0.04545	0.03535	0.06061	0.04545	0.0404	0.02525	0.05051	0.0303	0	0.08081	0.09596	0.01515	0.01515	0.0202	0.03535	0.08081	0.03535	0.0303	0.0404	0.0404	0.02525	0.0404	0.03535	0.10101	0.0303	0.0101	0.0101	0.0303	0.08586	0.03535	0.04545	0.00505	0.0101	0.02525	0	0.0303	0.0303	0.05051	0.0404	0.02525	0.0202	0.03535	0.05556	0.0404	0.05556	0.0404	0.00505	0.05556	0.05556	0.0303	0.06566	0.0202	0.02525	0.05556	0.0404	0.0404	0.07071	0.0404	0.04545	0.00505	0.07576	0.02525	0.06061	0.02525	0.0303	0.08081	0.05051	0.06061	0.04545	0.0404	0.01515	0.0303	0.05051	0.0404	0.0101	0.02525	0.05556	0.02525	0.0303	0.04545	0.05556	0.0202	0.00505	0	0.05051	0.0101	0.04545	0.02525	0.07576	0.02525	0.03535	0.06566	0.06061	0.0404	0.00505	0.10101	0.06061	0.04545	0.05051	0.0101	0.01515	0.06061	0.0101	0.0303	0	0.07576
"AT"	0.0202	0.0404	0.0303	0.12121	0.0303	0.0404	0.06061	0.0202	0.06061	0.0303	0.0303	0.0202	0.05051	0.0202	0.0303	0	0	0.09091	0.07071	0.0202	0.07071	0.05051	0.0303	0.07071	0.0404	0.0404	0.08081	0.0404	0.06061	0.0404	0.0303	0.0202	0.0202	0.0202	0.0404	0.0101	0.0101	0.0202	0.0303	0.06061	0	0.07071	0	0.06061	0.05051	0.0303	0.0404	0.0303	0.0202	0.0303	0.0202	0.0101	0.0404	0.0202	0.0202	0.0101	0.05051	0.0303	0	0.05051	0.0101	0.0202	0.05051	0.0303	0.0202	0.05051	0.0303	0.0303	0.0404	0.05051	0.05051	0.0404	0.0404	0.0202	0.0303	0.0202	0.0101	0.05051	0.0404	0.06061	0.0101	0.0404	0.0404	0.0101	0.0404	0.06061	0.0303	0.0303	0.0101	0	0	0.0404	0.0404	0.0202	0.0202	0.0303	0.05051	0.0202	0.0202	0.05051	0.09091	0.0303	0	0.0404	0.08081	0.0303	0.0101	0.0101	0.05051	0.0101	0.0303	0.0202	0.0202	0.0404	0.0202	0.0202	0.0101	0.0404	0.0202	0.0202	0.0404	0.0101	0.0404	0.0101	0.0202	0.0404	0.05051	0.0404	0	0.0404	0.07071	0.0404	0.05051	0.0202	0.0404	0.05051	0.0404	0.0202	0.0303	0.0202	0.0303	0.0303	0.05051	0.0101	0.05051	0.0101	0.0202	0.0202	0.0404	0.06061	0.0303	0.07071	0.05051	0	0.0202	0.0101	0.06061	0.0404	0.0303	0.0303	0.0404	0.0303	0.0303	0.0202	0.0404	0.06061	0.0404	0.09091	0.0303	0.0202	0.05051	0.0303	0.0202	0.05051	0.0404	0	0.0202	0.0303	0.0404	0.0101	0.0202	0.0404	0.0404	0.0404	0.05051	0.0404	0.05051	0.0303	0.0202	0.05051	0.0303	0.0404	0.0202	0	0.0202	0.0101	0.06061	0.0404	0	0.06061
"AC"	0.05556	0.04545	0.0404	0.05051	0.05556	0.05051	0.0404	0.05556	0.0404	0.05556	0.08586	0.07071	0.05556	0.05556	0.0404	0.06061	0.06061	0.0404	0.05556	0.07071	0.04545	0.07071	0.07071	0.0404	0.05556	0.04545	0.05051	0.05556	0.04545	0.06061	0.0404	0.07071	0.05051	0.05051	0.05051	0.07576	0.05556	0.07071	0.04545	0.0404	0.0303	0.05051	0.08081	0.05051	0.05051	0.04545	0.06061	0.09596	0.09596	0.05051	0.05051	0.06061	0.04545	0.05051	0.0303	0.07576	0.05051	0.05051	0.04545	0.05051	0.05556	0.08586	0.0404	0.05556	0.03535	0.04545	0.0404	0.04545	0.05556	0.0303	0.05051	0.04545	0.06061	0.07576	0.06566	0.04545	0.05051	0.06061	0.05556	0.05556	0.06061	0.04545	0.05556	0.04545	0.06061	0.04545	0.08081	0.06061	0.05051	0.02525	0.08586	0.05556	0.07071	0.07576	0.06061	0.06061	0.05556	0.07576	0.07071	0.05051	0.0404	0.06566	0	0.03535	0.0404	0.03535	0.04545	0.06566	0.06061	0.05051	0.06566	0.05556	0.08586	0.04545	0.06566	0.06566	0.08081	0.05556	0.05556	0.07576	0.0404	0.05051	0.05556	0.04545	0.07071	0.05051	0.0404	0.06061	0.04545	0.05556	0.04545	0.05556	0.05051	0.07576	0.07576	0.07576	0.06061	0.09091	0.0101	0.07071	0.05051	0.05556	0.06566	0.03535	0.0404	0.04545	0.09091	0.07576	0.07071	0.05556	0.05051	0.05051	0.06566	0.04545	0.05051	0.0202	0.06061	0.05556	0.06061	0.05556	0.06061	0.06061	0.07576	0.08081	0.06061	0.0303	0.06566	0.0404	0.05051	0.07576	0.06566	0.05556	0.05556	0.05556	0.06566	0.06061	0.05556	0.06061	0.05051	0.06566	0.08081	0.07576	0.05556	0.07576	0.06061	0.08081	0.04545	0.07576	0.05556	0.03535	0.07576	0.04545	0.04545	0.02525	0.05051	0.04545	0.0303	0.04545	0.01515	0.06061
"AG"	0.07576	0.0404	0.0404	0.0303	0.04545	0.05556	0.05051	0.05051	0.05051	0.06566	0.02525	0.05051	0.0404	0.05051	0.07071	0.06061	0.07576	0.06061	0.05051	0.05556	0.03535	0.03535	0.0404	0.03535	0.05051	0.05556	0.06566	0.05051	0.06061	0.05051	0.09091	0.03535	0.08081	0.07576	0.07071	0.07071	0.05556	0.05556	0.05556	0.06061	0.05556	0.04545	0.05556	0.06061	0.04545	0.06566	0.05051	0.0202	0.05051	0.05051	0.06061	0.05051	0.05556	0.04545	0.05556	0.05556	0.0404	0.06566	0.07071	0.06061	0.07576	0.05556	0.05051	0.05051	0.07576	0.06566	0.03535	0.09091	0.05051	0.05556	0.05051	0.05051	0.05051	0.06061	0.05051	0.05556	0.07071	0.06566	0.05556	0.03535	0.06061	0.06061	0.06566	0.07576	0.08586	0.06061	0.04545	0.07071	0.05051	0.0101	0.07576	0.04545	0.03535	0.05556	0.07071	0.05556	0.05556	0.03535	0.05051	0.0202	0.04545	0.05051	0.18687	0.07071	0.0404	0.07576	0.08081	0.04545	0.06061	0.07576	0.06566	0.04545	0.0404	0.07576	0.04545	0.04545	0.05556	0.07071	0.06566	0.0404	0.07576	0.06061	0.05556	0.03535	0.06061	0.04545	0.07071	0.06061	0.0303	0.0303	0.06566	0.05556	0.05051	0.03535	0.05556	0.02525	0.06566	0.05556	0.10101	0.05051	0.06566	0.06061	0.06061	0.06566	0.07576	0.08081	0.05051	0.05051	0.05556	0.03535	0.0404	0.05051	0.04545	0.04545	0.04545	0.09596	0.05556	0.06061	0.06566	0.06566	0.06566	0.05051	0.05556	0.05556	0.04545	0.05556	0.05051	0.05556	0.05556	0.06566	0.05051	0.0404	0.05051	0.02525	0.07071	0.04545	0.05051	0.03535	0.07071	0.04545	0.05556	0.02525	0.06566	0.05051	0.0404	0.02525	0.07071	0.05051	0.04545	0.06566	0.04545	0.05051	0.08081	0.04545	0.05051	0.06061	0.07071	0.06566	0.02525	0.03535
"T"	0.185	0.155	0.12	0.29	0.165	0.185	0.165	0.17	0.205	0.19	0.18	0.14	0.185	0.16	0.195	0.135	0.16	0.265	0.26	0.19	0.195	0.185	0.21	0.205	0.23	0.185	0.21	0.175	0.185	0.185	0.2	0.14	0.19	0.19	0.245	0.19	0.13	0.155	0.15	0.21	0.09	0.21	0.135	0.215	0.2	0.215	0.195	0.19	0.22	0.16	0.16	0.225	0.17	0.13	0.115	0.23	0.155	0.235	0.125	0.23	0.195	0.215	0.165	0.155	0.195	0.175	0.235	0.205	0.175	0.195	0.18	0.275	0.185	0.205	0.205	0.185	0.15	0.215	0.175	0.185	0.18	0.21	0.225	0.2	0.22	0.185	0.175	0.2	0.115	0.035	0.195	0.19	0.175	0.2	0.2	0.18	0.22	0.175	0.18	0.145	0.235	0.18	0.19	0.235	0.26	0.155	0.15	0.145	0.21	0.215	0.195	0.15	0.19	0.2	0.155	0.17	0.18	0.27	0.18	0.145	0.165	0.15	0.24	0.125	0.195	0.14	0.17	0.185	0.075	0.165	0.21	0.2	0.19	0.155	0.19	0.185	0.225	0.205	0.195	0.18	0.15	0.2	0.235	0.14	0.235	0.16	0.19	0.2	0.205	0.195	0.19	0.21	0.205	0.1	0.19	0.16	0.24	0.18	0.185	0.235	0.22	0.205	0.205	0.2	0.16	0.185	0.205	0.23	0.15	0.185	0.22	0.15	0.155	0.18	0.23	0.125	0.135	0.125	0.21	0.13	0.2	0.165	0.24	0.195	0.185	0.21	0.225	0.195	0.125	0.255	0.215	0.18	0.2	0.08	0.14	0.175	0.17	0.18	0.04	0.235
"TA"	0.0303	0.0101	0	0.08081	0.0101	0.0404	0.0303	0.0303	0.05051	0.0404	0.0404	0	0.0101	0.0202	0.05051	0	0.0404	0.08081	0.05051	0.0202	0.0404	0.07071	0.0404	0.05051	0.0303	0.0404	0.06061	0.0303	0.0404	0.0404	0.0303	0.0404	0.0202	0.0404	0.0202	0.0202	0.0202	0	0.0101	0.06061	0	0.0303	0.0101	0.0303	0.05051	0.05051	0	0.0404	0.08081	0.0404	0.0303	0.0101	0.05051	0.0101	0.0202	0.0404	0.0202	0.06061	0.0303	0.08081	0.05051	0.06061	0.0101	0.05051	0.0101	0.0303	0.0303	0.0303	0.0101	0.0404	0.05051	0.06061	0.06061	0.0404	0.06061	0.05051	0.0101	0.05051	0.0101	0.0404	0.0202	0.05051	0.0303	0.0202	0.0404	0.06061	0.0202	0.0404	0.0202	0	0	0.0202	0.0202	0.05051	0.0404	0.0202	0.0202	0.0303	0.05051	0	0.09091	0.0303	0	0.0303	0.08081	0.0202	0.0101	0	0.05051	0.0202	0.0404	0.0202	0.0404	0.0303	0.0101	0.0101	0.0404	0.06061	0.0202	0.0404	0.0202	0.0303	0.08081	0.0101	0.05051	0.0303	0.0303	0.0202	0	0	0.05051	0.0404	0.05051	0.0303	0.05051	0.0303	0.07071	0.0404	0.0202	0.05051	0.0404	0.0101	0.07071	0.0101	0.05051	0.06061	0.0101	0.0303	0.0202	0.0404	0.0101	0.0303	0.05051	0	0.0404	0.0404	0.05051	0.0202	0.0202	0.0404	0.05051	0.07071	0.05051	0.06061	0.0404	0.0202	0.0303	0.05051	0	0.0404	0.07071	0.05051	0.0202	0.0202	0.06061	0.0202	0.0101	0.0303	0.0303	0	0.06061	0.0101	0.05051	0.0404	0.0101	0.0101	0.05051	0.0404	0.0303	0.0404	0.06061	0.0101	0.0303	0	0.0101	0	0.0303	0.0404	0	0.07071
"TT"	0.03535	0.02525	0.0101	0.08586	0.03535	0.0404	0.00505	0.04545	0.05051	0.0404	0.0404	0	0.0404	0.0303	0.05556	0.01515	0.0202	0.07576	0.08081	0.04545	0.04545	0.02525	0.06061	0.06061	0.08586	0.0404	0.01515	0.02525	0.0202	0.03535	0.03535	0.0101	0.0404	0.04545	0.08081	0.03535	0.00505	0.00505	0.0202	0.04545	0.00505	0.04545	0	0.04545	0.05556	0.07576	0.04545	0.04545	0.05556	0.0202	0.02525	0.10101	0.02525	0.0101	0.0101	0.08586	0.01515	0.09091	0.0101	0.06566	0.05556	0.05556	0.0202	0.0202	0.06061	0.01515	0.13131	0.0404	0.0303	0.06061	0.02525	0.14141	0.03535	0.05051	0.05051	0.06566	0.0202	0.0404	0.02525	0.03535	0.05051	0.06566	0.06061	0.06566	0.03535	0.0202	0.0202	0.0404	0.00505	0	0.03535	0.04545	0.0303	0.05051	0.04545	0.03535	0.06061	0.04545	0.0404	0.02525	0.05051	0.0303	0	0.08081	0.09596	0.01515	0.01515	0.0202	0.03535	0.08081	0.03535	0.0303	0.0404	0.0404	0.02525	0.0404	0.03535	0.10101	0.0303	0.0101	0.0101	0.0303	0.08586	0.03535	0.04545	0.00505	0.0101	0.02525	0	0.0303	0.0303	0.05051	0.0404	0.02525	0.0202	0.03535	0.05556	0.0404	0.05556	0.0404	0.00505	0.05556	0.05556	0.0303	0.06566	0.0202	0.02525	0.05556	0.0404	0.0404	0.07071	0.0404	0.04545	0.00505	0.07576	0.02525	0.06061	0.02525	0.0303	0.08081	0.05051	0.06061	0.04545	0.0404	0.01515	0.0303	0.05051	0.0404	0.0101	0.02525	0.05556	0.02525	0.0303	0.04545	0.05556	0.0202	0.00505	0	0.05051	0.0101	0.04545	0.02525	0.07576	0.02525	0.03535	0.06566	0.06061	0.0404	0.00505	0.10101	0.06061	0.04545	0.05051	0.0101	0.01515	0.06061	0.0101	0.0303	0	0.07576
"TC"	0.05556	0.07071	0.05556	0.05051	0.07071	0.06566	0.07576	0.0202	0.06061	0.0404	0.05051	0.07576	0.07071	0.08081	0.0303	0.06061	0.06061	0.05556	0.06566	0.07071	0.04545	0.0303	0.03535	0.02525	0.05051	0.03535	0.04545	0.07071	0.06061	0.06061	0.07576	0.05556	0.10606	0.06061	0.08081	0.06566	0.04545	0.09091	0.07071	0.04545	0.0404	0.06061	0.07071	0.05051	0.0404	0.02525	0.06061	0.05051	0.0404	0.06061	0.05556	0.04545	0.0404	0.03535	0.0303	0.05556	0.0404	0.04545	0.03535	0.0404	0.0202	0.03535	0.10606	0.04545	0.05556	0.08586	0.05051	0.0404	0.08081	0.05051	0.04545	0.0303	0.06061	0.07071	0.03535	0.04545	0.05556	0.06566	0.05051	0.05051	0.06061	0.03535	0.05556	0.04545	0.07071	0.07071	0.07071	0.08081	0.06061	0.01515	0.05051	0.06566	0.06061	0.0404	0.06566	0.06061	0.07071	0.05051	0.04545	0.05051	0.0404	0.06061	0.19192	0.05556	0.04545	0.07576	0.06566	0.07576	0.0404	0.04545	0.06061	0.05556	0.06061	0.07071	0.04545	0.07071	0.05051	0.05051	0.05051	0.06061	0.08081	0.05051	0.02525	0.02525	0.0404	0.03535	0.07576	0.07071	0.02525	0.06061	0.06566	0.05051	0.05051	0.05556	0.06566	0.05556	0.07071	0.07576	0.06566	0.05051	0.07071	0.07071	0.06566	0.06061	0.06061	0.04545	0.07071	0.0404	0.09091	0.07071	0.04545	0.06566	0.06061	0.07071	0.05556	0.0303	0.0303	0.08081	0.07576	0.06566	0.05051	0.05051	0.0404	0.03535	0.03535	0.09596	0.08081	0.06566	0.07071	0.07071	0.03535	0.04545	0.07576	0.06566	0.05051	0.04545	0.06061	0.05051	0.05051	0.0404	0.0404	0.06566	0.05556	0.07071	0.07576	0.04545	0.05051	0.0404	0.08081	0.06061	0.03535	0.04545	0.04545	0.01515	0.06566	0.06566	0.08081	0.06061	0.0202	0.02525
"TG"	0.06566	0.05051	0.05556	0.07576	0.05051	0.0404	0.05556	0.07576	0.04545	0.06566	0.05051	0.06566	0.06566	0.0303	0.06061	0.06061	0.0404	0.04545	0.06566	0.05051	0.06061	0.06061	0.07576	0.06566	0.06566	0.06566	0.08586	0.05051	0.06566	0.05051	0.05556	0.03535	0.0202	0.04545	0.06566	0.07071	0.06061	0.06061	0.05051	0.05556	0.04545	0.07071	0.05556	0.08586	0.05556	0.06061	0.08586	0.05051	0.0404	0.0404	0.05051	0.06566	0.05556	0.07576	0.05556	0.05051	0.07576	0.0404	0.04545	0.04545	0.07071	0.06061	0.02525	0.0404	0.07071	0.04545	0.02525	0.09091	0.05556	0.04545	0.06061	0.04545	0.0303	0.0404	0.06061	0.02525	0.06566	0.05051	0.08586	0.06061	0.04545	0.06061	0.08081	0.07071	0.07071	0.03535	0.06566	0.0404	0.0303	0.0202	0.11111	0.06061	0.06061	0.06061	0.05051	0.05556	0.06566	0.05051	0.0404	0.07071	0.05556	0.06061	0	0.07071	0.0404	0.0404	0.06061	0.05051	0.08081	0.07071	0.06061	0.0404	0.05051	0.06061	0.07576	0.05051	0.05556	0.05556	0.08081	0.0303	0.05051	0.0404	0.05051	0.05556	0.06061	0.07071	0.05556	0.06566	0.05051	0.07576	0.06566	0.06061	0.05051	0.04545	0.05556	0.06061	0.0303	0.04545	0.05556	0.03535	0.03535	0.05556	0.04545	0.03535	0.05556	0.03535	0.08586	0.06566	0.05051	0.04545	0.06566	0.07071	0.04545	0.02525	0.01515	0.06566	0.09596	0.05051	0.05556	0.05051	0.06566	0.02525	0.07071	0.06566	0.07071	0.0404	0.0404	0.07576	0.07071	0.04545	0.05556	0.0303	0.0303	0.05051	0.06061	0.0404	0.06061	0.0404	0.07071	0.08081	0.05051	0.06566	0.06061	0.06061	0.06566	0.09091	0.06566	0.07071	0.0101	0.05051	0.06061	0.07576	0.07576	0.05556	0.05051	0.05051	0.05051	0.05051	0.0202	0.06566
"C"	0.315	0.345	0.38	0.21	0.335	0.315	0.335	0.33	0.295	0.31	0.32	0.36	0.315	0.34	0.305	0.365	0.34	0.235	0.24	0.31	0.305	0.315	0.29	0.295	0.27	0.315	0.29	0.325	0.315	0.315	0.3	0.36	0.31	0.31	0.255	0.31	0.37	0.345	0.35	0.29	0.41	0.29	0.365	0.285	0.3	0.285	0.305	0.31	0.28	0.34	0.34	0.275	0.33	0.37	0.385	0.27	0.345	0.265	0.375	0.27	0.305	0.285	0.335	0.345	0.305	0.325	0.265	0.295	0.325	0.305	0.32	0.225	0.315	0.295	0.295	0.315	0.35	0.285	0.325	0.315	0.32	0.29	0.275	0.3	0.28	0.315	0.325	0.3	0.385	0.465	0.305	0.31	0.325	0.3	0.3	0.32	0.28	0.325	0.32	0.355	0.265	0.32	0.31	0.265	0.24	0.345	0.35	0.355	0.29	0.285	0.305	0.35	0.31	0.3	0.345	0.33	0.32	0.23	0.32	0.355	0.335	0.35	0.26	0.375	0.305	0.36	0.33	0.315	0.425	0.335	0.29	0.3	0.31	0.345	0.31	0.315	0.275	0.295	0.305	0.32	0.35	0.3	0.265	0.36	0.265	0.34	0.31	0.3	0.295	0.305	0.31	0.29	0.295	0.4	0.31	0.34	0.26	0.32	0.315	0.265	0.28	0.295	0.295	0.3	0.34	0.315	0.295	0.27	0.35	0.315	0.28	0.35	0.345	0.32	0.27	0.375	0.365	0.375	0.29	0.37	0.3	0.335	0.26	0.305	0.315	0.29	0.275	0.305	0.375	0.245	0.285	0.32	0.3	0.42	0.36	0.325	0.33	0.32	0.46	0.265
"CA"	0.06566	0.05051	0.05556	0.07576	0.05051	0.0404	0.05556	0.07576	0.04545	0.06566	0.05051	0.06566	0.06566	0.0303	0.06061	0.06061	0.0404	0.04545	0.06566	0.05051	0.06061	0.06061	0.07576	0.06566	0.06566	0.06566	0.08586	0.05051	0.06566	0.05051	0.05556	0.03535	0.0202	0.04545	0.06566	0.07071	0.06061	0.06061	0.05051	0.05556	0.04545	0.07071	0.05556	0.08586	0.05556	0.06061	0.08586	0.05051	0.0404	0.0404	0.05051	0.06566	0.05556	0.07576	0.05556	0.05051	0.07576	0.0404	0.04545	0.04545	0.07071	0.06061	0.02525	0.0404	0.07071	0.04545	0.02525	0.09091	0.05556	0.04545	0.06061	0.04545	0.0303	0.0404	0.06061	0.02525	0.06566	0.05051	0.08586	0.06061	0.04545	0.06061	0.08081	0.07071	0.07071	0.03535	0.06566	0.0404	0.0303	0.0202	0.11111	0.06061	0.06061	0.06061	0.05051	0.05556	0.06566	0.05051	0.0404	0.07071	0.05556	0.06061	0	0.07071	0.0404	0.0404	0.06061	0.05051	0.08081	0.07071	0.06061	0.0404	0.05051	0.06061	0.07576	0.05051	0.05556	0.05556	0.08081	0.0303	0.05051	0.0404	0.05051	0.05556	0.06061	0.07071	0.05556	0.06566	0.05051	0.07576	0.06566	0.06061	0.05051	0.04545	0.05556	0.06061	0.0303	0.04545	0.05556	0.03535	0.03535	0.05556	0.04545	0.03535	0.05556	0.03535	0.08586	0.06566	0.05051	0.04545	0.06566	0.07071	0.04545	0.02525	0.01515	0.06566	0.09596	0.05051	0.05556	0.05051	0.06566	0.02525	0.07071	0.06566	0.07071	0.0404	0.0404	0.07576	0.07071	0.04545	0.05556	0.0303	0.0303	0.05051	0.06061	0.0404	0.06061	0.0404	0.07071	0.08081	0.05051	0.06566	0.06061	0.06061	0.06566	0.09091	0.06566	0.07071	0.0101	0.05051	0.06061	0.07576	0.07576	0.05556	0.05051	0.05051	0.05051	0.05051	0.0202	0.06566
"CT"	0.07576	0.0404	0.0404	0.0303	0.04545	0.05556	0.05051	0.05051	0.05051	0.06566	0.02525	0.05051	0.0404	0.05051	0.07071	0.06061	0.07576	0.06061	0.05051	0.05556	0.03535	0.03535	0.0404	0.03535	0.05051	0.05556	0.06566	0.05051	0.06061	0.05051	0.09091	0.03535	0.08081	0.07576	0.07071	0.07071	0.05556	0.05556	0.05556	0.06061	0.05556	0.04545	0.05556	0.06061	0.04545	0.06566	0.05051	0.0202	0.05051	0.05051	0.06061	0.05051	0.05556	0.04545	0.05556	0.05556	0.0404	0.06566	0.07071	0.06061	0.07576	0.05556	0.05051	0.05051	0.07576	0.06566	0.03535	0.09091	0.05051	0.05556	0.05051	0.05051	0.05051	0.06061	0.05051	0.05556	0.07071	0.06566	0.05556	0.03535	0.06061	0.06061	0.06566	0.07576	0.08586	0.06061	0.04545	0.07071	0.05051	0.0101	0.07576	0.04545	0.03535	0.05556	0.07071	0.05556	0.05556	0.03535	0.05051	0.0202	0.04545	0.05051	0.18687	0.07071	0.0404	0.07576	0.08081	0.04545	0.06061	0.07576	0.06566	0.04545	0.0404	0.07576	0.04545	0.04545	0.05556	0.07071	0.06566	0.0404	0.07576	0.06061	0.05556	0.03535	0.06061	0.04545	0.07071	0.06061	0.0303	0.0303	0.06566	0.05556	0.05051	0.03535	0.05556	0.02525	0.06566	0.05556	0.10101	0.05051	0.06566	0.06061	0.06061	0.06566	0.07576	0.08081	0.05051	0.05051	0.05556	0.03535	0.0404	0.05051	0.04545	0.04545	0.04545	0.09596	0.05556	0.06061	0.06566	0.06566	0.06566	0.05051	0.05556	0.05556	0.04545	0.05556	0.05051	0.05556	0.05556	0.06566	0.05051	0.0404	0.05051	0.02525	0.07071	0.04545	0.05051	0.03535	0.07071	0.04545	0.05556	0.02525	0.06566	0.05051	0.0404	0.02525	0.07071	0.05051	0.04545	0.06566	0.04545	0.05051	0.08081	0.04545	0.05051	0.06061	0.07071	0.06566	0.02525	0.03535
"CC"	0.10101	0.13131	0.11111	0.10101	0.12121	0.10101	0.11111	0.12121	0.11111	0.10101	0.13131	0.10101	0.11616	0.10606	0.10101	0.12121	0.10101	0.11111	0.10101	0.12121	0.10101	0.11111	0.10606	0.11111	0.10101	0.10606	0.11111	0.11616	0.10606	0.12626	0.10606	0.13636	0.13636	0.11111	0.10606	0.11111	0.13131	0.11616	0.12121	0.11616	0.17677	0.10101	0.13636	0.11111	0.10606	0.13131	0.10101	0.13636	0.10606	0.12121	0.13636	0.10101	0.12626	0.12626	0.13636	0.12121	0.10101	0.10101	0.14141	0.10101	0.11616	0.10101	0.11111	0.13131	0.11111	0.10101	0.13636	0.11111	0.12626	0.11111	0.12626	0.10101	0.11111	0.12626	0.10606	0.13636	0.11616	0.10101	0.11111	0.11111	0.13131	0.11111	0.11111	0.11111	0.10101	0.10101	0.10606	0.12626	0.11616	0.18687	0.11616	0.10606	0.11616	0.11616	0.10101	0.11111	0.10101	0.13636	0.15657	0.13131	0.10606	0.10101	0.12121	0.10606	0.10606	0.11111	0.10606	0.11111	0.10101	0.10606	0.10606	0.11616	0.12626	0.10606	0.12121	0.12626	0.12121	0.10606	0.10606	0.12121	0.13131	0.12626	0.10606	0.15657	0.10606	0.13131	0.14141	0.10101	0.11111	0.12121	0.12626	0.12121	0.11616	0.11111	0.12121	0.10606	0.10101	0.11111	0.12626	0.13131	0.11111	0.11616	0.10606	0.14141	0.10606	0.11111	0.10101	0.10606	0.10101	0.10101	0.10101	0.10101	0.11111	0.12626	0.11616	0.10101	0.10101	0.10606	0.12121	0.10101	0.10101	0.12626	0.10606	0.10101	0.13131	0.12121	0.11111	0.10101	0.11111	0.13636	0.10101	0.12121	0.11616	0.13131	0.10606	0.14141	0.14141	0.11616	0.10101	0.11616	0.11111	0.12121	0.10101	0.11616	0.10606	0.10101	0.10101	0.11111	0.11111	0.10101	0.10606	0.11616	0.11616	0.15657	0.17172	0.14141	0.13131	0.11111	0.15657	0.10101
"CG"	0.07071	0.12121	0.17172	0	0.11111	0.12121	0.12121	0.08081	0.09091	0.08081	0.11111	0.14141	0.09091	0.15152	0.07071	0.12121	0.12121	0.0202	0.0202	0.08081	0.11111	0.11111	0.07071	0.08081	0.05051	0.09091	0.0303	0.11111	0.08081	0.08081	0.05051	0.15152	0.07071	0.08081	0.0101	0.05051	0.12121	0.11111	0.12121	0.06061	0.13131	0.07071	0.11111	0.0303	0.09091	0.0303	0.07071	0.10101	0.08081	0.13131	0.09091	0.06061	0.09091	0.12121	0.13131	0.0404	0.13131	0.06061	0.12121	0.06061	0.0404	0.07071	0.15152	0.12121	0.05051	0.11111	0.07071	0	0.09091	0.09091	0.08081	0.0202	0.12121	0.07071	0.08081	0.10101	0.10101	0.07071	0.07071	0.10101	0.08081	0.06061	0.0202	0.0404	0.0202	0.11111	0.10101	0.06061	0.19192	0.25253	0	0.10101	0.11111	0.06061	0.08081	0.10101	0.06061	0.10101	0.07071	0.13131	0.06061	0.11111	0	0.0202	0.05051	0.12121	0.10101	0.15152	0.05051	0.0303	0.07071	0.15152	0.09091	0.05051	0.10101	0.10101	0.09091	0	0.07071	0.16162	0.08081	0.12121	0.05051	0.13131	0.07071	0.11111	0.06061	0.09091	0.23232	0.11111	0.0303	0.06061	0.09091	0.15152	0.07071	0.12121	0.08081	0.08081	0.0202	0.10101	0.13131	0.07071	0.05051	0.12121	0.0303	0.11111	0.07071	0.08081	0.09091	0.12121	0.10101	0.07071	0.09091	0.20202	0.13131	0.08081	0.0101	0.10101	0.07071	0.05051	0.05051	0.09091	0.06061	0.08081	0.09091	0.10101	0.09091	0.0404	0.11111	0.07071	0.07071	0.15152	0.14141	0.11111	0.0303	0.14141	0.11111	0.18182	0.05051	0.12121	0.08081	0.12121	0.0303	0.08081	0.10101	0.07071	0.0303	0.07071	0.21212	0.0303	0.07071	0.08081	0.0303	0.16162	0.09091	0.07071	0.07071	0.09091	0.25253	0.06061
"G"	0.315	0.345	0.38	0.21	0.335	0.315	0.335	0.33	0.295	0.31	0.32	0.36	0.315	0.34	0.305	0.365	0.34	0.235	0.24	0.31	0.305	0.315	0.29	0.295	0.27	0.315	0.29	0.325	0.315	0.315	0.3	0.36	0.31	0.31	0.255	0.31	0.37	0.345	0.35	0.29	0.41	0.29	0.365	0.285	0.3	0.285	0.305	0.31	0.28	0.34	0.34	0.275	0.33	0.37	0.385	0.27	0.345	0.265	0.375	0.27	0.305	0.285	0.335	0.345	0.305	0.325	0.265	0.295	0.325	0.305	0.32	0.225	0.315	0.295	0.295	0.315	0.35	0.285	0.325	0.315	0.32	0.29	0.275	0.3	0.28	0.315	0.325	0.3	0.385	0.465	0.305	0.31	0.325	0.3	0.3	0.32	0.28	0.325	0.32	0.355	0.265	0.32	0.31	0.265	0.24	0.345	0.35	0.355	0.29	0.285	0.305	0.35	0.31	0.3	0.345	0.33	0.32	0.23	0.32	0.355	0.335	0.35	0.26	0.375	0.305	0.36	0.33	0.315	0.425	0.335	0.29	0.3	0.31	0.345	0.31	0.315	0.275	0.295	0.305	0.32	0.35	0.3	0.265	0.36	0.265	0.34	0.31	0.3	0.295	0.305	0.31	0.29	0.295	0.4	0.31	0.34	0.26	0.32	0.315	0.265	0.28	0.295	0.295	0.3	0.34	0.315	0.295	0.27	0.35	0.315	0.28	0.35	0.345	0.32	0.27	0.375	0.365	0.375	0.29	0.37	0.3	0.335	0.26	0.305	0.315	0.29	0.275	0.305	0.375	0.245	0.285	0.32	0.3	0.42	0.36	0.325	0.33	0.32	0.46	0.265
"GA"	0.05556	0.07071	0.05556	0.05051	0.07071	0.06566	0.07576	0.0202	0.06061	0.0404	0.05051	0.07576	0.07071	0.08081	0.0303	0.06061	0.06061	0.05556	0.06566	0.07071	0.04545	0.0303	0.03535	0.02525	0.05051	0.03535	0.04545	0.07071	0.06061	0.06061	0.07576	0.05556	0.10606	0.06061	0.08081	0.06566	0.04545	0.09091	0.07071	0.04545	0.0404	0.06061	0.07071	0.05051	0.0404	0.02525	0.06061	0.05051	0.0404	0.06061	0.05556	0.04545	0.0404	0.03535	0.0303	0.05556	0.0404	0.04545	0.03535	0.0404	0.0202	0.03535	0.10606	0.04545	0.05556	0.08586	0.05051	0.0404	0.08081	0.05051	0.04545	0.0303	0.06061	0.07071	0.03535	0.04545	0.05556	0.06566	0.05051	0.05051	0.06061	0.03535	0.05556	0.04545	0.07071	0.07071	0.07071	0.08081	0.06061	0.01515	0.05051	0.06566	0.06061	0.0404	0.06566	0.06061	0.07071	0.05051	0.04545	0.05051	0.0404	0.06061	0.19192	0.05556	0.04545	0.07576	0.06566	0.07576	0.0404	0.04545	0.06061	0.05556	0.06061	0.07071	0.04545	0.07071	0.05051	0.05051	0.05051	0.06061	0.08081	0.05051	0.02525	0.02525	0.0404	0.03535	0.07576	0.07071	0.02525	0.06061	0.06566	0.05051	0.05051	0.05556	0.06566	0.05556	0.07071	0.07576	0.06566	0.05051	0.07071	0.07071	0.06566	0.06061	0.06061	0.04545	0.07071	0.0404	0.09091	0.07071	0.04545	0.06566	0.06061	0.07071	0.05556	0.0303	0.0303	0.08081	0.07576	0.06566	0.05051	0.05051	0.0404	0.03535	0.03535	0.09596	0.08081	0.06566	0.07071	0.07071	0.03535	0.04545	0.07576	0.06566	0.05051	0.04545	0.06061	0.05051	0.05051	0.0404	0.0404	0.06566	0.05556	0.07071	0.07576	0.04545	0.05051	0.0404	0.08081	0.06061	0.03535	0.04545	0.04545	0.01515	0.06566	0.06566	0.08081	0.06061	0.0202	0.02525
"GT"	0.05556	0.04545	0.0404	0.05051	0.05556	0.05051	0.0404	0.05556	0.0404	0.05556	0.08586	0.07071	0.05556	0.05556	0.0404	0.06061	0.06061	0.0404	0.05556	0.07071	0.04545	0.07071	0.07071	0.0404	0.05556	0.04545	0.05051	0.05556	0.04545	0.06061	0.0404	0.07071	0.05051	0.05051	0.05051	0.07576	0.05556	0.07071	0.04545	0.0404	0.0303	0.05051	0.08081	0.05051	0.05051	0.04545	0.06061	0.09596	0.09596	0.05051	0.05051	0.06061	0.04545	0.05051	0.0303	0.07576	0.05051	0.05051	0.04545	0.05051	0.05556	0.08586	0.0404	0.05556	0.03535	0.04545	0.0404	0.04545	0.05556	0.0303	0.05051	0.04545	0.06061	0.07576	0.06566	0.04545	0.05051	0.06061	0.05556	0.05556	0.06061	0.04545	0.05556	0.04545	0.06061	0.04545	0.08081	0.06061	0.05051	0.02525	0.08586	0.05556	0.07071	0.07576	0.06061	0.06061	0.05556	0.07576	0.07071	0.05051	0.0404	0.06566	0	0.03535	0.0404	0.03535	0.04545	0.06566	0.06061	0.05051	0.06566	0.05556	0.08586	0.04545	0.06566	0.06566	0.08081	0.05556	0.05556	0.07576	0.0404	0.05051	0.05556	0.04545	0.07071	0.05051	0.0404	0.06061	0.04545	0.05556	0.04545	0.05556	0.05051	0.07576	0.07576	0.07576	0.06061	0.09091	0.0101	0.07071	0.05051	0.05556	0.06566	0.03535	0.0404	0.04545	0.09091	0.07576	0.07071	0.05556	0.05051	0.05051	0.06566	0.04545	0.05051	0.0202	0.06061	0.05556	0.06061	0.05556	0.06061	0.06061	0.07576	0.08081	0.06061	0.0303	0.06566	0.0404	0.05051	0.07576	0.06566	0.05556	0.05556	0.05556	0.06566	0.06061	0.05556	0.06061	0.05051	0.06566	0.08081	0.07576	0.05556	0.07576	0.06061	0.08081	0.04545	0.07576	0.05556	0.03535	0.07576	0.04545	0.04545	0.02525	0.05051	0.04545	0.0303	0.04545	0.01515	0.06061
"GC"	0.10101	0.10101	0.17172	0.0101	0.09091	0.09091	0.11111	0.13131	0.08081	0.11111	0.05051	0.11111	0.07071	0.10101	0.13131	0.12121	0.12121	0.0303	0.0202	0.05051	0.11111	0.10101	0.08081	0.12121	0.06061	0.13131	0.08081	0.08081	0.10101	0.07071	0.08081	0.10101	0.0202	0.08081	0.0202	0.06061	0.14141	0.07071	0.11111	0.09091	0.16162	0.08081	0.08081	0.07071	0.10101	0.08081	0.08081	0.0303	0.0404	0.11111	0.10101	0.07071	0.12121	0.16162	0.19192	0.0202	0.15152	0.06061	0.15152	0.08081	0.11111	0.06061	0.08081	0.11111	0.10101	0.09091	0.0303	0.10101	0.06061	0.11111	0.10101	0.05051	0.08081	0.0202	0.09091	0.08081	0.12121	0.06061	0.11111	0.10101	0.07071	0.09091	0.05051	0.10101	0.05051	0.10101	0.07071	0.0303	0.15152	0.23232	0.05051	0.08081	0.08081	0.07071	0.07071	0.09091	0.05051	0.06061	0.05051	0.12121	0.08081	0.09091	0	0.07071	0.05051	0.12121	0.13131	0.10101	0.09091	0.08081	0.07071	0.12121	0.0404	0.08081	0.11111	0.07071	0.06061	0.0202	0.11111	0.10101	0.08081	0.12121	0.07071	0.14141	0.09091	0.14141	0.07071	0.08081	0.24242	0.10101	0.05051	0.07071	0.09091	0.10101	0.05051	0.08081	0.0404	0.0202	0.10101	0.07071	0.12121	0.06061	0.0303	0.12121	0.06061	0.14141	0.05051	0.08081	0.0303	0.08081	0.11111	0.07071	0.06061	0.16162	0.09091	0.19192	0.07071	0.08081	0.06061	0.0404	0.07071	0.06061	0.07071	0.08081	0.11111	0.07071	0.0404	0.06061	0.12121	0.0303	0.08081	0.13131	0.10101	0.07071	0.05051	0.13131	0.11111	0.15152	0.09091	0.15152	0.07071	0.07071	0.05051	0.0404	0.07071	0.06061	0.08081	0.08081	0.12121	0.05051	0.07071	0.11111	0.09091	0.22222	0.07071	0.07071	0.09091	0.10101	0.27273	0.08081
"GG"	0.10101	0.13131	0.11111	0.10101	0.12121	0.10101	0.11111	0.12121	0.11111	0.10101	0.13131	0.10101	0.11616	0.10606	0.10101	0.12121	0.10101	0.11111	0.10101	0.12121	0.10101	0.11111	0.10606	0.11111	0.10101	0.10606	0.11111	0.11616	0.10606	0.12626	0.10606	0.13636	0.13636	0.11111	0.10606	0.11111	0.13131	0.11616	0.12121	0.11616	0.17677	0.10101	0.13636	0.11111	0.10606	0.13131	0.10101	0.13636	0.10606	0.12121	0.13636	0.10101	0.12626	0.12626	0.13636	0.12121	0.10101	0.10101	0.14141	0.10101	0.11616	0.10101	0.11111	0.13131	0.11111	0.10101	0.13636	0.11111	0.12626	0.11111	0.12626	0.10101	0.11111	0.12626	0.10606	0.13636	0.11616	0.10101	0.11111	0.11111	0.13131	0.11111	0.11111	0.11111	0.10101	0.10101	0.10606	0.12626	0.11616	0.18687	0.11616	0.10606	0.11616	0.11616	0.10101	0.11111	0.10101	0.13636	0.15657	0.13131	0.10606	0.10101	0.12121	0.10606	0.10606	0.11111	0.10606	0.11111	0.10101	0.10606	0.10606	0.11616	0.12626	0.10606	0.12121	0.12626	0.12121	0.10606	0.10606	0.12121	0.13131	0.12626	0.10606	0.15657	0.10606	0.13131	0.14141	0.10101	0.11111	0.12121	0.12626	0.12121	0.11616	0.11111	0.12121	0.10606	0.10101	0.11111	0.12626	0.13131	0.11111	0.11616	0.10606	0.14141	0.10606	0.11111	0.10101	0.10606	0.10101	0.10101	0.10101	0.10101	0.11111	0.12626	0.11616	0.10101	0.10101	0.10606	0.12121	0.10101	0.10101	0.12626	0.10606	0.10101	0.13131	0.12121	0.11111	0.10101	0.11111	0.13636	0.10101	0.12121	0.11616	0.13131	0.10606	0.14141	0.14141	0.11616	0.10101	0.11616	0.11111	0.12121	0.10101	0.11616	0.10606	0.10101	0.10101	0.11111	0.11111	0.10101	0.10606	0.11616	0.11616	0.15657	0.17172	0.14141	0.13131	0.11111	0.15657	0.10101
