"Matrix"	"NW_020229875.1_4697"	"NW_020230387.1_340"	"NW_020229892.1_8020"	"NW_020230630.1_18"	"NW_020230083.1_6788"	"NW_020230092.1_112"	"NW_020230349.1_5233"	"NW_020229873.1_6872"	"NW_020230493.1_2952"	"NW_020230524.1_2879"	"NW_020230032.1_1071"	"NW_020229909.1_11588"	"NW_020230354.1_5541"	"NW_020229891.1_922"	"NW_020230004.1_1865"	"NW_020230194.1_133"	"NW_020230435.1_38"	"NW_020230404.1_24309"	"NW_020229930.1_259"	"NW_020230058.1_1856"	"NW_020230377.1_4162"	"NW_020230155.1_5591"	"NW_020230226.1_2660"	"NW_020230425.1_14257"	"NW_020229970.1_12908"	"NW_020229955.1_14765"	"NW_020230467.1_4491"	"NW_020230105.1_259"	"NW_020230011.1_4900"	"NW_020230235.1_1152"	"NW_020229970.1_6321"	"NW_020229955.1_9496"	"NW_020229892.1_9763"	"NW_020230316.1_2374"	"NW_020230042.1_1139"	"NW_020229999.1_1597"	"NW_020230333.1_2656"	"NW_020230706.1_490"	"NW_020230472.1_1960"	"NW_020230595.1_2125"	"NW_020230387.1_125"	"NW_020230243.1_1012"	"NW_020230582.1_306"	"NW_020230045.1_8643"	"NW_020229991.1_1038"	"NW_020230162.1_1157"	"NW_020229894.1_4334"	"NW_020230724.1_9285"	"NW_020230642.1_1349"	"NW_020230147.1_289"	"NW_020229883.1_5850"	"NW_020230076.1_3688"	"NW_020230719.1_7132"	"NW_020230662.1_95"	"NW_020230552.1_197"	"NW_020229935.1_1994"	"NW_020230039.1_2595"	"NW_020230630.1_527"	"NW_020230615.1_289"	"NW_020230582.1_4543"	"NW_020230083.1_6193"	"NW_020230582.1_10388"	"NW_020229970.1_10281"	"NW_020230039.1_19555"	"NW_020230235.1_1827"	"NW_020230143.1_1989"	"NW_020229910.1_5547"	"NW_020229966.1_119"	"NW_020230126.1_7983"	"NW_020230375.1_409"	"NW_020229987.1_2265"	"NW_020230198.1_370"	"NW_020230379.1_2313"	"NW_020229909.1_13190"	"NW_020229886.1_755"	"NW_020230560.1_1156"	"NW_020229988.1_17332"	"NW_020230425.1_1205"	"NW_020230710.1_3168"	"NW_020230109.1_123"	"NW_020230719.1_3033"	"NW_020229956.1_5232"	"NW_020230385.1_10549"	"NW_020230415.1_2732"	"NW_020230185.1_7220"	"NW_020230216.1_1155"	"NW_020230531.1_10581"	"NW_020230721.1_5936"	"NW_020229931.1_2413"	"NW_020230643.1_923"	"NW_020230687.1_2380"	"NW_020230198.1_7185"	"NW_020229969.1_9032"	"NW_020230234.1_234"	"NW_020230150.1_2759"	"NW_020229925.1_2049"	"NW_020230294.1_2233"	"NW_020230680.1_1963"	"NW_020229918.1_2155"	"NW_020230514.1_1343"	"NW_020230188.1_1629"	"NW_020230560.1_4383"	"NW_020229973.1_1527"	"NW_020230058.1_1100"	"NW_020229928.1_13743"	"NW_020230467.1_6764"	"NW_020230031.1_36"	"NW_020230316.1_3520"	"NW_020230514.1_1505"	"NW_020230415.1_6190"	"NW_020230039.1_4630"	"NW_020230531.1_1292"	"NW_020230300.1_309"	"NW_020230242.1_1436"	"NW_020230721.1_24160"	"NW_020230615.1_2561"	"NW_020230700.1_13766"	"NW_020229906.1_6818"	"NW_020230048.1_446"	"NW_020230526.1_1180"	"NW_020230405.1_3321"	"NW_020230288.1_155"	"NW_020230395.1_113"	"NW_020229955.1_12626"	"NW_020230436.1_374"	"NW_020230470.1_1497"	"NW_020230247.1_120"	"NW_020230615.1_202"	"NW_020229885.1_5101"	"NW_020229880.1_55"	"NW_020229914.1_382"	"NW_020229904.1_9370"	"NW_020229872.1_13322"	"NW_020230126.1_8122"	"NW_020230644.1_77"	"NW_020230636.1_6524"	"NW_020229917.1_9602"	"NW_020230714.1_2276"	"NW_020229894.1_11970"	"NW_020229972.1_708"	"NW_020230193.1_202"	"NW_020230246.1_6460"	"NW_020230341.1_904"	"NW_020230354.1_5631"	"NW_020230118.1_620"	"NW_020230039.1_3275"	"NW_020230411.1_674"	"NW_020230371.1_2731"	"NW_020230642.1_2861"	"NW_020229939.1_8407"	"NW_020229966.1_120"	"NW_020230378.1_5993"	"NW_020230524.1_2961"	"NW_020230269.1_58"	"NW_020229886.1_7630"	"NW_020230045.1_19955"	"NW_020229886.1_13293"	"NW_020230073.1_5249"	"NW_020230076.1_7492"	"NW_020230214.1_1088"	"NW_020229955.1_7489"	"NW_020230119.1_196"	"NW_020230012.1_12940"	"NW_020230405.1_3496"	"NW_020230610.1_5448"	"NW_020230692.1_241"	"NW_020230475.1_816"	"NW_020229916.1_5744"	"NW_020229914.1_2283"	"NW_020230316.1_7249"	"NW_020230012.1_3048"	"NW_020230283.1_1371"	"NW_020230387.1_2762"	"NW_020230017.1_2658"	"NW_020230316.1_6999"	"NW_020230492.1_11196"	"NW_020229922.1_11596"	"NW_020230722.1_238"	"NW_020230011.1_5913"	"NW_020230177.1_7142"	"NW_020230072.1_2054"	"NW_020230687.1_1342"	"NW_020230518.1_3274"	"NW_020229948.1_1673"	"NW_020230039.1_16408"	"NW_020230245.1_1156"	"NW_020229926.1_1779"	"NW_020230493.1_6206"	"NW_020230162.1_3778"	"NW_020230395.1_132"	"NW_020230531.1_1294"	"NW_020230299.1_10761"	"NW_020229941.1_243"	"NW_020230493.1_6468"	"NW_020229966.1_8938"	"NW_020229926.1_3113"	"NW_020230039.1_20615"	"NW_020230166.1_1626"	"NW_020229952.1_13333"	"NW_020230130.1_1570"
"A"	0.165	0.2	0.235	0.135	0.135	0.115	0.15	0.2	0.185	0.165	0.165	0.185	0.23	0.18	0.215	0.19	0.175	0.195	0.155	0.155	0.16	0.275	0.14	0.2	0.185	0.205	0.21	0.195	0.175	0.265	0.165	0.21	0.175	0.17	0.235	0.18	0.135	0.205	0.235	0.19	0.205	0.195	0.205	0.16	0.105	0.2	0.165	0.18	0.2	0.175	0.175	0.16	0.2	0.17	0.23	0.165	0.205	0.18	0.165	0.19	0.175	0.155	0.215	0.19	0.15	0.175	0.21	0.18	0.21	0.155	0.145	0.13	0.14	0.21	0.145	0.165	0.15	0.21	0.155	0.28	0.155	0.195	0.21	0.205	0.17	0.145	0.19	0.2	0.27	0.175	0.17	0.22	0.18	0.24	0.115	0.17	0.15	0.18	0.16	0.195	0.195	0.2	0.2	0.215	0.145	0.19	0.185	0.22	0.215	0.21	0.195	0.15	0.15	0.18	0.225	0.125	0.155	0.25	0.17	0.17	0.17	0.205	0.17	0.16	0.16	0.145	0.23	0.16	0.195	0.215	0.155	0.18	0.21	0.16	0.175	0.17	0.165	0.18	0.19	0.165	0.195	0.23	0.195	0.21	0.135	0.2	0.2	0.18	0.135	0.19	0.155	0.19	0.185	0.155	0.25	0.18	0.17	0.185	0.215	0.255	0.205	0.22	0.205	0.145	0.21	0.19	0.185	0.17	0.225	0.145	0.185	0.18	0.155	0.165	0.215	0.195	0.145	0.2	0.165	0.17	0.125	0.19	0.16	0.17	0.17	0.19	0.18	0.165	0.165	0.18	0.08	0.135	0.17	0.155	0.22	0.175	0.165	0.17	0.22	0.2
"AA"	0.0404	0.06566	0.07071	0.00505	0.0303	0.02525	0.02525	0.04545	0.01515	0.02525	0.01515	0.0404	0.05051	0.03535	0.05051	0.02525	0.0303	0.04545	0.0101	0.03535	0.0303	0.08081	0.0303	0.0202	0.04545	0.04545	0.06061	0.0303	0.05051	0.07576	0.0303	0.07071	0.05051	0.03535	0.07576	0.04545	0.03535	0.05556	0.09596	0.0404	0.0303	0.0202	0.06061	0.0404	0.0101	0.05556	0.02525	0.06566	0.04545	0.0202	0.0404	0.04545	0.08081	0.0303	0.04545	0.05051	0.05556	0.04545	0.0101	0.02525	0.02525	0.0202	0.07071	0.02525	0.0202	0.04545	0.03535	0.0404	0.05051	0.0202	0.0202	0.03535	0.0101	0.05556	0.0202	0.0303	0.02525	0.07071	0.0404	0.09091	0.01515	0.04545	0.05051	0.0404	0.05051	0.0202	0.04545	0.02525	0.11111	0.0303	0.03535	0.07071	0.0303	0.06061	0.01515	0.0404	0.0303	0.06566	0.02525	0.05051	0.03535	0.02525	0.03535	0.08586	0.01515	0.05051	0.05051	0.05051	0.0303	0.04545	0.0303	0.01515	0.0404	0.0404	0.07576	0.02525	0.0202	0.07071	0.03535	0.0202	0.02525	0.03535	0.02525	0.03535	0.04545	0.02525	0.09091	0.02525	0.0404	0.07071	0.02525	0.04545	0.0202	0.0202	0.04545	0.0404	0.03535	0.0404	0.05051	0.0202	0.0404	0.02525	0.04545	0.04545	0.0101	0.07071	0.04545	0.00505	0.0202	0.0202	0.02525	0.02525	0.0404	0.0202	0.08586	0.0303	0.0404	0.05051	0.07576	0.11616	0.00505	0.05051	0.03535	0.0202	0.06566	0.03535	0.0303	0.0303	0.06566	0.01515	0.06566	0.0303	0.0404	0.04545	0.06566	0.04545	0.02525	0.07071	0.0303	0.04545	0.03535	0.0303	0.05051	0.0404	0.02525	0.0404	0.0404	0.04545	0.0202	0.0404	0.0202	0	0.02525	0.01515	0.04545	0.06061	0.01515	0.05556	0.09091	0.0404
"AT"	0.0303	0.0202	0.10101	0.0202	0.0101	0	0.0101	0.0303	0.05051	0.0404	0.0202	0.0202	0.07071	0.0404	0.0404	0.0303	0.0202	0.05051	0.0303	0.0303	0.0303	0.14141	0.0101	0.09091	0.05051	0.0202	0.05051	0.0303	0.0303	0.07071	0.0303	0.0404	0.0101	0.05051	0.08081	0.0101	0	0.0303	0.05051	0.0303	0.06061	0.08081	0.05051	0.0202	0.0101	0.0303	0.06061	0.0303	0.0101	0.0404	0.0303	0.0202	0.0404	0.0101	0.08081	0.0202	0.0303	0.0303	0.0202	0.0303	0.0202	0.0303	0.0303	0.0202	0	0.0202	0.06061	0.0404	0.0303	0.05051	0.0101	0.0101	0.0303	0.0101	0.0404	0.0303	0.0404	0.06061	0.0303	0.09091	0.0404	0.05051	0.06061	0.0303	0.0101	0.0202	0.0303	0.09091	0.07071	0.0303	0.0202	0.05051	0.0404	0.07071	0	0.0101	0.05051	0.0202	0.0202	0.05051	0.07071	0.06061	0.06061	0.0101	0	0.05051	0.0202	0.07071	0.0101	0.0404	0.05051	0.0303	0.0202	0.0202	0.0303	0.0202	0.0303	0.08081	0.0303	0.05051	0.0202	0.05051	0.0202	0.0101	0.0404	0.05051	0.07071	0.0303	0.0202	0.0101	0.0202	0.0303	0.0202	0.0404	0.0404	0.07071	0.0202	0.07071	0.0404	0.0404	0.0303	0.13131	0.0101	0.06061	0.0303	0.0101	0.0303	0.05051	0	0.06061	0.0202	0.06061	0.05051	0.0202	0.0404	0.0404	0.0202	0.0404	0.06061	0.05051	0.0404	0.0404	0.0404	0.0101	0.0303	0.06061	0.0404	0.0404	0.08081	0.0303	0.0404	0.0202	0.0202	0.0101	0.0404	0.0202	0.0101	0.06061	0.0101	0.05051	0.0202	0.0404	0.0202	0.0404	0.0404	0.0202	0.0303	0.06061	0.0303	0.05051	0	0.0404	0.06061	0.0303	0.0404	0.0202	0.0303	0	0.05051	0.0404
"AC"	0.0303	0.0404	0.0202	0.07576	0.0303	0.0101	0.05556	0.10101	0.07576	0.06566	0.05556	0.0404	0.03535	0.06566	0.07071	0.03535	0.05556	0.06061	0.05051	0.04545	0.0404	0.0202	0.04545	0.0404	0.0404	0.05051	0.05556	0.08081	0.05051	0.06566	0.04545	0.06061	0.05556	0.0404	0.03535	0.0303	0.02525	0.04545	0.05051	0.05556	0.05051	0.02525	0.06061	0.03535	0.03535	0.08081	0.04545	0.05051	0.0101	0.06061	0.03535	0.04545	0.0303	0.05556	0.03535	0.03535	0.06061	0.04545	0.06061	0.08081	0.0404	0.04545	0.05556	0.0303	0.06061	0.06566	0.04545	0.02525	0.02525	0.03535	0.07071	0.05556	0.04545	0.0404	0.0404	0.03535	0.0404	0.0303	0.06061	0.02525	0.0404	0.07071	0.05556	0.06061	0.05051	0.05556	0.04545	0.0303	0.0303	0.06566	0.06566	0.0303	0.07071	0.04545	0.0303	0.06061	0.0303	0.06061	0.05556	0.04545	0.05556	0.06566	0.05051	0.0303	0.11616	0.04545	0.05556	0.03535	0.0202	0.04545	0.05556	0.06061	0.0202	0.05051	0.05051	0.03535	0.0404	0.05556	0.05051	0.05556	0.04545	0.04545	0.06061	0.0404	0.05556	0.03535	0.03535	0.06566	0.06566	0.05051	0.05051	0.05051	0.03535	0.05556	0.02525	0.02525	0.03535	0.02525	0.05556	0.06566	0.0404	0.0303	0.04545	0.02525	0.06061	0.0101	0.02525	0.08081	0.06061	0.0404	0.0404	0.05556	0.03535	0.0202	0.05556	0.05051	0.06566	0.0303	0.04545	0.03535	0.12121	0.02525	0.06061	0.06566	0.06061	0.03535	0.04545	0.0404	0.02525	0.03535	0.03535	0.0404	0.05051	0.06061	0.04545	0.0303	0.0303	0.03535	0.06061	0.01515	0.05051	0.0404	0.0404	0.05051	0.04545	0.05051	0.08081	0.02525	0.0303	0.0404	0.03535	0.06566	0.05051	0.04545	0.0101	0.05051	0.05556	0.05556	0.0303	0.0101
"AG"	0.06566	0.07071	0.0404	0.03535	0.06566	0.08081	0.06061	0.0202	0.03535	0.03535	0.07576	0.08081	0.07576	0.0404	0.05556	0.10101	0.07071	0.0404	0.06566	0.0404	0.06061	0.03535	0.05556	0.05051	0.04545	0.09091	0.04545	0.05556	0.04545	0.04545	0.05556	0.03535	0.05556	0.04545	0.04545	0.09596	0.07071	0.07576	0.0404	0.06566	0.06566	0.07071	0.03535	0.06061	0.05051	0.03535	0.03535	0.03535	0.13636	0.05051	0.07071	0.05051	0.05051	0.07071	0.06566	0.06061	0.06061	0.06061	0.07576	0.05556	0.08081	0.06061	0.06061	0.10606	0.07071	0.04545	0.07071	0.07071	0.10101	0.04545	0.04545	0.0303	0.05556	0.10606	0.04545	0.06061	0.04545	0.05051	0.0202	0.07071	0.06061	0.0202	0.04545	0.07576	0.06061	0.04545	0.06566	0.05051	0.05556	0.05051	0.05051	0.07071	0.03535	0.06061	0.07071	0.06061	0.03535	0.0303	0.06061	0.05051	0.03535	0.05051	0.05051	0.08586	0.01515	0.04545	0.05556	0.06566	0.15152	0.08081	0.06061	0.04545	0.07071	0.06566	0.06061	0.04545	0.06061	0.04545	0.05556	0.04545	0.08081	0.07576	0.06566	0.07576	0.0202	0.03535	0.03535	0.0404	0.06566	0.07576	0.06061	0.05556	0.13131	0.04545	0.06566	0.0303	0.06566	0.04545	0.04545	0.0404	0.08586	0.03535	0.09596	0.08081	0.03535	0.10606	0.10101	0.0404	0.05556	0.06566	0.07071	0.05051	0.06061	0.09596	0.06566	0.06061	0.0404	0.06566	0.03535	0.05051	0.03535	0.10606	0.07071	0.05051	0.05051	0.06061	0.06566	0.06061	0.05556	0.06566	0.0404	0.08586	0.0404	0.04545	0.06566	0.09596	0.08081	0.03535	0.06566	0.05556	0.0202	0.08081	0.04545	0.0404	0.06061	0.07576	0.0303	0.03535	0.08586	0.05051	0.0202	0.02525	0.03535	0.06061	0.12626	0.04545	0.06566	0.06061	0.05051	0.10606
"T"	0.165	0.2	0.235	0.135	0.135	0.115	0.15	0.2	0.185	0.165	0.165	0.185	0.23	0.18	0.215	0.19	0.175	0.195	0.155	0.155	0.16	0.275	0.14	0.2	0.185	0.205	0.21	0.195	0.175	0.265	0.165	0.21	0.175	0.17	0.235	0.18	0.135	0.205	0.235	0.19	0.205	0.195	0.205	0.16	0.105	0.2	0.165	0.18	0.2	0.175	0.175	0.16	0.2	0.17	0.23	0.165	0.205	0.18	0.165	0.19	0.175	0.155	0.215	0.19	0.15	0.175	0.21	0.18	0.21	0.155	0.145	0.13	0.14	0.21	0.145	0.165	0.15	0.21	0.155	0.28	0.155	0.195	0.21	0.205	0.17	0.145	0.19	0.2	0.27	0.175	0.17	0.22	0.18	0.24	0.115	0.17	0.15	0.18	0.16	0.195	0.195	0.2	0.2	0.215	0.145	0.19	0.185	0.22	0.215	0.21	0.195	0.15	0.15	0.18	0.225	0.125	0.155	0.25	0.17	0.17	0.17	0.205	0.17	0.16	0.16	0.145	0.23	0.16	0.195	0.215	0.155	0.18	0.21	0.16	0.175	0.17	0.165	0.18	0.19	0.165	0.195	0.23	0.195	0.21	0.135	0.2	0.2	0.18	0.135	0.19	0.155	0.19	0.185	0.155	0.25	0.18	0.17	0.185	0.215	0.255	0.205	0.22	0.205	0.145	0.21	0.19	0.185	0.17	0.225	0.145	0.185	0.18	0.155	0.165	0.215	0.195	0.145	0.2	0.165	0.17	0.125	0.19	0.16	0.17	0.17	0.19	0.18	0.165	0.165	0.18	0.08	0.135	0.17	0.155	0.22	0.175	0.165	0.17	0.22	0.2
"TA"	0.0202	0	0.05051	0.0404	0	0	0	0.0202	0.0202	0.07071	0.0202	0.0303	0.05051	0.0404	0.0303	0.0202	0	0.0303	0.0202	0.0404	0.0202	0.08081	0.0101	0.0202	0.0202	0.05051	0.0202	0.0202	0.0202	0.09091	0.0101	0.0101	0	0.0202	0.05051	0	0.0101	0.0101	0.05051	0.05051	0.05051	0.05051	0.05051	0.0101	0.0101	0.0101	0.0303	0.0303	0.0101	0.0202	0.0101	0.0202	0.0303	0.0404	0.05051	0.0101	0.0303	0.0202	0.0404	0.0404	0.0101	0.0202	0	0.0303	0.0202	0.0202	0.05051	0.0101	0.0303	0.0202	0.0202	0	0.0202	0.0101	0.0101	0.0101	0.0101	0.0202	0.0404	0.10101	0.0303	0.0202	0.0404	0.0404	0.0101	0.0101	0.0202	0.0202	0.0202	0	0.05051	0.0202	0.0404	0.0404	0	0.0202	0.0101	0.0202	0.0202	0.0404	0.0303	0.0404	0.06061	0	0.0101	0.0101	0.0101	0.05051	0.0101	0.0404	0.05051	0	0.0101	0	0.05051	0.0101	0.0101	0.10101	0.0101	0.0202	0.05051	0.0404	0.0101	0.0101	0.0101	0	0.0404	0.0101	0.0303	0.0303	0.0404	0	0.0303	0.0202	0.0404	0.0202	0.0202	0.05051	0.0303	0.0404	0.0101	0.09091	0.0101	0.0404	0.0101	0	0.0404	0.0404	0.0101	0.05051	0.0101	0.0404	0.0303	0.0303	0.05051	0.0101	0.0303	0.05051	0.05051	0.0404	0.06061	0.0303	0.0404	0	0.0404	0.0303	0	0.0101	0.08081	0.0101	0.0202	0	0.0202	0.0202	0.0202	0.0101	0.0202	0.0101	0.0101	0.0101	0	0.0404	0	0.0202	0	0.0404	0.0303	0.0303	0.0404	0	0	0.0202	0.0202	0.0101	0.0202	0.0101	0.0303	0.0101	0.05051	0.0303
"TT"	0.0404	0.06566	0.07071	0.00505	0.0303	0.02525	0.02525	0.04545	0.01515	0.02525	0.01515	0.0404	0.05051	0.03535	0.05051	0.02525	0.0303	0.04545	0.0101	0.03535	0.0303	0.08081	0.0303	0.0202	0.04545	0.04545	0.06061	0.0303	0.05051	0.07576	0.0303	0.07071	0.05051	0.03535	0.07576	0.04545	0.03535	0.05556	0.09596	0.0404	0.0303	0.0202	0.06061	0.0404	0.0101	0.05556	0.02525	0.06566	0.04545	0.0202	0.0404	0.04545	0.08081	0.0303	0.04545	0.05051	0.05556	0.04545	0.0101	0.02525	0.02525	0.0202	0.07071	0.02525	0.0202	0.04545	0.03535	0.0404	0.05051	0.0202	0.0202	0.03535	0.0101	0.05556	0.0202	0.0303	0.02525	0.07071	0.0404	0.09091	0.01515	0.04545	0.05051	0.0404	0.05051	0.0202	0.04545	0.02525	0.11111	0.0303	0.03535	0.07071	0.0303	0.06061	0.01515	0.0404	0.0303	0.06566	0.02525	0.05051	0.03535	0.02525	0.03535	0.08586	0.01515	0.05051	0.05051	0.05051	0.0303	0.04545	0.0303	0.01515	0.0404	0.0404	0.07576	0.02525	0.0202	0.07071	0.03535	0.0202	0.02525	0.03535	0.02525	0.03535	0.04545	0.02525	0.09091	0.02525	0.0404	0.07071	0.02525	0.04545	0.0202	0.0202	0.04545	0.0404	0.03535	0.0404	0.05051	0.0202	0.0404	0.02525	0.04545	0.04545	0.0101	0.07071	0.04545	0.00505	0.0202	0.0202	0.02525	0.02525	0.0404	0.0202	0.08586	0.0303	0.0404	0.05051	0.07576	0.11616	0.00505	0.05051	0.03535	0.0202	0.06566	0.03535	0.0303	0.0303	0.06566	0.01515	0.06566	0.0303	0.0404	0.04545	0.06566	0.04545	0.02525	0.07071	0.0303	0.04545	0.03535	0.0303	0.05051	0.0404	0.02525	0.0404	0.0404	0.04545	0.0202	0.0404	0.0202	0	0.02525	0.01515	0.04545	0.06061	0.01515	0.05556	0.09091	0.0404
"TC"	0.08586	0.07576	0.08586	0.03535	0.0404	0.07576	0.08586	0.04545	0.08586	0.0404	0.06061	0.09596	0.07576	0.04545	0.04545	0.06566	0.10101	0.06061	0.07071	0.02525	0.08081	0.09091	0.06566	0.09091	0.06566	0.06566	0.05556	0.07576	0.06061	0.06061	0.05051	0.06566	0.06566	0.06566	0.06061	0.11616	0.07576	0.08081	0.06061	0.05051	0.08081	0.0404	0.05556	0.07071	0.06061	0.07071	0.08081	0.03535	0.13131	0.0404	0.07071	0.06566	0.07071	0.07071	0.08081	0.09596	0.05556	0.06566	0.07071	0.0404	0.08081	0.07576	0.06566	0.10101	0.07576	0.06566	0.09091	0.08586	0.10101	0.07576	0.07071	0.06566	0.03535	0.11616	0.05556	0.07576	0.06061	0.07071	0.0303	0.06566	0.05051	0.07576	0.08081	0.06566	0.07576	0.03535	0.10101	0.10101	0.08081	0.07071	0.0404	0.08586	0.07071	0.08081	0.05556	0.07576	0.07576	0.06061	0.07071	0.05051	0.05556	0.05556	0.06061	0.09596	0.03535	0.08586	0.07576	0.06061	0.15152	0.08586	0.05556	0.07071	0.07071	0.08081	0.06061	0.05051	0.06566	0.04545	0.06061	0.05556	0.06566	0.05556	0.07576	0.08586	0.05556	0.04545	0.04545	0.05556	0.06061	0.07576	0.04545	0.08586	0.13636	0.07576	0.05556	0.09091	0.06566	0.06061	0.07071	0.04545	0.08081	0.08081	0.10606	0.10101	0.04545	0.08586	0.07071	0.0404	0.06566	0.07576	0.07071	0.0404	0.10101	0.07576	0.07071	0.08081	0.0404	0.07071	0.06566	0.06566	0.0404	0.09596	0.07576	0.07071	0.06566	0.07576	0.07071	0.07071	0.04545	0.08081	0.06566	0.10101	0.05556	0.04545	0.05051	0.12121	0.07576	0.09091	0.08586	0.08586	0.05556	0.07071	0.07576	0.07071	0.08586	0.05051	0.05051	0.04545	0.07576	0.08081	0.00505	0.05556	0.06061	0.06566	0.13131	0.06061	0.07071	0.05051	0.05051	0.08081
"TG"	0.0101	0.05556	0.0303	0.05556	0.06566	0.01515	0.0404	0.09091	0.06566	0.0303	0.06061	0.01515	0.05051	0.06061	0.08586	0.08081	0.0404	0.05556	0.05051	0.05556	0.02525	0.0202	0.0303	0.07071	0.05556	0.04545	0.07576	0.07071	0.04545	0.0404	0.07071	0.06566	0.06061	0.05051	0.04545	0.01515	0.01515	0.06061	0.02525	0.05051	0.04545	0.08586	0.0404	0.0404	0.02525	0.06061	0.0303	0.05051	0.0101	0.09596	0.05051	0.0303	0.0202	0.0303	0.05556	0.0101	0.06061	0.05051	0.04545	0.07576	0.06061	0.0404	0.07576	0.03535	0.03535	0.04545	0.03535	0.04545	0.02525	0.0404	0.0303	0.0303	0.07071	0.02525	0.06061	0.05051	0.05051	0.05051	0.04545	0.02525	0.05556	0.05556	0.0404	0.05556	0.03535	0.08081	0.02525	0.05556	0.05556	0.07071	0.04545	0.0404	0.0404	0.06061	0.03535	0.03535	0.03535	0.03535	0.04545	0.05556	0.07576	0.08081	0.04545	0.03535	0.08081	0.04545	0.05051	0.05556	0.02525	0.0404	0.06061	0.06566	0.0303	0.05556	0.0404	0.0404	0.06061	0.02525	0.06061	0.06566	0.0303	0.07576	0.05556	0.0303	0.04545	0.07576	0.05051	0.07071	0.06566	0.0404	0.04545	0.04545	0.02525	0.0404	0.0303	0.0202	0.04545	0.0303	0.0404	0.05556	0.06566	0.03535	0.03535	0.0202	0.06566	0.04545	0.04545	0.09596	0.03535	0.04545	0.04545	0.08081	0.01515	0.0303	0.0404	0.06061	0.06061	0.01515	0.02525	0.03535	0.10101	0.03535	0.05051	0.05051	0.0404	0.04545	0.08586	0.05556	0.03535	0.0404	0.03535	0.05051	0.0404	0.05051	0.07071	0.0202	0.0202	0.0303	0.0404	0.0303	0.03535	0.05051	0.03535	0.0404	0.05556	0.05556	0.06061	0.04545	0.02525	0.06061	0.05556	0.06061	0.06566	0.06566	0.0202	0.0404	0.05051	0.05556	0.0303	0.04545
"C"	0.335	0.3	0.265	0.365	0.365	0.385	0.35	0.3	0.315	0.335	0.335	0.315	0.27	0.32	0.285	0.31	0.325	0.305	0.345	0.345	0.34	0.225	0.36	0.3	0.315	0.295	0.29	0.305	0.325	0.235	0.335	0.29	0.325	0.33	0.265	0.32	0.365	0.295	0.265	0.31	0.295	0.305	0.295	0.34	0.395	0.3	0.335	0.32	0.3	0.325	0.325	0.34	0.3	0.33	0.27	0.335	0.295	0.32	0.335	0.31	0.325	0.345	0.285	0.31	0.35	0.325	0.29	0.32	0.29	0.345	0.355	0.37	0.36	0.29	0.355	0.335	0.35	0.29	0.345	0.22	0.345	0.305	0.29	0.295	0.33	0.355	0.31	0.3	0.23	0.325	0.33	0.28	0.32	0.26	0.385	0.33	0.35	0.32	0.34	0.305	0.305	0.3	0.3	0.285	0.355	0.31	0.315	0.28	0.285	0.29	0.305	0.35	0.35	0.32	0.275	0.375	0.345	0.25	0.33	0.33	0.33	0.295	0.33	0.34	0.34	0.355	0.27	0.34	0.305	0.285	0.345	0.32	0.29	0.34	0.325	0.33	0.335	0.32	0.31	0.335	0.305	0.27	0.305	0.29	0.365	0.3	0.3	0.32	0.365	0.31	0.345	0.31	0.315	0.345	0.25	0.32	0.33	0.315	0.285	0.245	0.295	0.28	0.295	0.355	0.29	0.31	0.315	0.33	0.275	0.355	0.315	0.32	0.345	0.335	0.285	0.305	0.355	0.3	0.335	0.33	0.375	0.31	0.34	0.33	0.33	0.31	0.32	0.335	0.335	0.32	0.42	0.365	0.33	0.345	0.28	0.325	0.335	0.33	0.28	0.3
"CA"	0.0101	0.05556	0.0303	0.05556	0.06566	0.01515	0.0404	0.09091	0.06566	0.0303	0.06061	0.01515	0.05051	0.06061	0.08586	0.08081	0.0404	0.05556	0.05051	0.05556	0.02525	0.0202	0.0303	0.07071	0.05556	0.04545	0.07576	0.07071	0.04545	0.0404	0.07071	0.06566	0.06061	0.05051	0.04545	0.01515	0.01515	0.06061	0.02525	0.05051	0.04545	0.08586	0.0404	0.0404	0.02525	0.06061	0.0303	0.05051	0.0101	0.09596	0.05051	0.0303	0.0202	0.0303	0.05556	0.0101	0.06061	0.05051	0.04545	0.07576	0.06061	0.0404	0.07576	0.03535	0.03535	0.04545	0.03535	0.04545	0.02525	0.0404	0.0303	0.0303	0.07071	0.02525	0.06061	0.05051	0.05051	0.05051	0.04545	0.02525	0.05556	0.05556	0.0404	0.05556	0.03535	0.08081	0.02525	0.05556	0.05556	0.07071	0.04545	0.0404	0.0404	0.06061	0.03535	0.03535	0.03535	0.03535	0.04545	0.05556	0.07576	0.08081	0.04545	0.03535	0.08081	0.04545	0.05051	0.05556	0.02525	0.0404	0.06061	0.06566	0.0303	0.05556	0.0404	0.0404	0.06061	0.02525	0.06061	0.06566	0.0303	0.07576	0.05556	0.0303	0.04545	0.07576	0.05051	0.07071	0.06566	0.0404	0.04545	0.04545	0.02525	0.0404	0.0303	0.0202	0.04545	0.0303	0.0404	0.05556	0.06566	0.03535	0.03535	0.0202	0.06566	0.04545	0.04545	0.09596	0.03535	0.04545	0.04545	0.08081	0.01515	0.0303	0.0404	0.06061	0.06061	0.01515	0.02525	0.03535	0.10101	0.03535	0.05051	0.05051	0.0404	0.04545	0.08586	0.05556	0.03535	0.0404	0.03535	0.05051	0.0404	0.05051	0.07071	0.0202	0.0202	0.0303	0.0404	0.0303	0.03535	0.05051	0.03535	0.0404	0.05556	0.05556	0.06061	0.04545	0.02525	0.06061	0.05556	0.06061	0.06566	0.06566	0.0202	0.0404	0.05051	0.05556	0.0303	0.04545
"CT"	0.06566	0.07071	0.0404	0.03535	0.06566	0.08081	0.06061	0.0202	0.03535	0.03535	0.07576	0.08081	0.07576	0.0404	0.05556	0.10101	0.07071	0.0404	0.06566	0.0404	0.06061	0.03535	0.05556	0.05051	0.04545	0.09091	0.04545	0.05556	0.04545	0.04545	0.05556	0.03535	0.05556	0.04545	0.04545	0.09596	0.07071	0.07576	0.0404	0.06566	0.06566	0.07071	0.03535	0.06061	0.05051	0.03535	0.03535	0.03535	0.13636	0.05051	0.07071	0.05051	0.05051	0.07071	0.06566	0.06061	0.06061	0.06061	0.07576	0.05556	0.08081	0.06061	0.06061	0.10606	0.07071	0.04545	0.07071	0.07071	0.10101	0.04545	0.04545	0.0303	0.05556	0.10606	0.04545	0.06061	0.04545	0.05051	0.0202	0.07071	0.06061	0.0202	0.04545	0.07576	0.06061	0.04545	0.06566	0.05051	0.05556	0.05051	0.05051	0.07071	0.03535	0.06061	0.07071	0.06061	0.03535	0.0303	0.06061	0.05051	0.03535	0.05051	0.05051	0.08586	0.01515	0.04545	0.05556	0.06566	0.15152	0.08081	0.06061	0.04545	0.07071	0.06566	0.06061	0.04545	0.06061	0.04545	0.05556	0.04545	0.08081	0.07576	0.06566	0.07576	0.0202	0.03535	0.03535	0.0404	0.06566	0.07576	0.06061	0.05556	0.13131	0.04545	0.06566	0.0303	0.06566	0.04545	0.04545	0.0404	0.08586	0.03535	0.09596	0.08081	0.03535	0.10606	0.10101	0.0404	0.05556	0.06566	0.07071	0.05051	0.06061	0.09596	0.06566	0.06061	0.0404	0.06566	0.03535	0.05051	0.03535	0.10606	0.07071	0.05051	0.05051	0.06061	0.06566	0.06061	0.05556	0.06566	0.0404	0.08586	0.0404	0.04545	0.06566	0.09596	0.08081	0.03535	0.06566	0.05556	0.0202	0.08081	0.04545	0.0404	0.06061	0.07576	0.0303	0.03535	0.08586	0.05051	0.0202	0.02525	0.03535	0.06061	0.12626	0.04545	0.06566	0.06061	0.05051	0.10606
"CC"	0.15152	0.10606	0.10101	0.13131	0.15152	0.14141	0.13131	0.10606	0.12626	0.13131	0.17172	0.13131	0.10101	0.13636	0.10101	0.11616	0.10606	0.11616	0.11616	0.12626	0.10101	0.11616	0.15152	0.12121	0.13131	0.10101	0.10606	0.12121	0.11616	0.10101	0.14141	0.10101	0.11111	0.13131	0.12121	0.10606	0.14646	0.12121	0.11111	0.11616	0.11616	0.10101	0.12626	0.13636	0.14141	0.10101	0.11111	0.10606	0.12626	0.10606	0.13131	0.12121	0.12626	0.12121	0.10101	0.12121	0.10606	0.14646	0.13636	0.11111	0.13636	0.11616	0.11111	0.12121	0.13636	0.11616	0.10101	0.16667	0.12626	0.13131	0.12121	0.11616	0.12626	0.11111	0.12121	0.12626	0.10101	0.10101	0.11616	0.12626	0.12121	0.12121	0.11616	0.10101	0.11616	0.11111	0.13636	0.10101	0.11111	0.11111	0.10101	0.11616	0.10606	0.10101	0.15152	0.10101	0.13131	0.10101	0.11111	0.10606	0.12121	0.10606	0.16162	0.10101	0.12121	0.11111	0.10606	0.10606	0.11111	0.13636	0.10606	0.13131	0.13636	0.16162	0.10606	0.16162	0.13636	0.10101	0.12626	0.11111	0.13636	0.10101	0.11616	0.13636	0.11616	0.10606	0.15657	0.14646	0.11616	0.14141	0.19192	0.10101	0.11111	0.10606	0.10101	0.12121	0.13636	0.10101	0.10606	0.11616	0.12121	0.10101	0.10101	0.12121	0.10606	0.10101	0.11616	0.11111	0.13636	0.14141	0.12626	0.12121	0.12626	0.15657	0.10606	0.10606	0.11616	0.11111	0.10101	0.11616	0.10606	0.13131	0.10101	0.13131	0.10101	0.10606	0.10606	0.11616	0.10606	0.13636	0.11616	0.11111	0.14141	0.10101	0.11111	0.10101	0.13131	0.10606	0.11111	0.12121	0.12121	0.11111	0.12121	0.10101	0.13131	0.12121	0.12121	0.14646	0.12626	0.13636	0.12121	0.11616	0.13636	0.13131	0.11111	0.14141	0.12626	0.17677	0.10606	0.10101
"CG"	0.11111	0.07071	0.09091	0.14141	0.08081	0.15152	0.11111	0.08081	0.09091	0.13131	0.0303	0.09091	0.0404	0.08081	0.0404	0.0101	0.11111	0.09091	0.11111	0.12121	0.15152	0.05051	0.12121	0.05051	0.08081	0.05051	0.06061	0.05051	0.12121	0.05051	0.07071	0.09091	0.10101	0.10101	0.05051	0.10101	0.13131	0.0404	0.09091	0.08081	0.06061	0.05051	0.09091	0.10101	0.18182	0.10101	0.15152	0.12121	0.0303	0.07071	0.07071	0.14141	0.10101	0.11111	0.05051	0.14141	0.07071	0.06061	0.08081	0.07071	0.05051	0.12121	0.0404	0.05051	0.10101	0.12121	0.08081	0.0404	0.0404	0.13131	0.16162	0.19192	0.11111	0.05051	0.12121	0.10101	0.15152	0.08081	0.16162	0	0.11111	0.11111	0.09091	0.06061	0.12121	0.12121	0.08081	0.09091	0.0101	0.09091	0.13131	0.05051	0.14141	0.0404	0.13131	0.13131	0.15152	0.15152	0.12121	0.09091	0.07071	0.06061	0.0404	0.06061	0.14141	0.11111	0.10101	0.05051	0	0.0303	0.07071	0.11111	0.11111	0.0404	0.07071	0.12121	0.09091	0.08081	0.09091	0.11111	0.08081	0.0404	0.09091	0.10101	0.16162	0.14141	0.0303	0.08081	0.06061	0.0303	0.05051	0.12121	0.0202	0.15152	0.13131	0.16162	0.09091	0.14141	0.11111	0.12121	0.0303	0.10101	0.07071	0.07071	0.16162	0.05051	0.0404	0.07071	0.14141	0.06061	0.10101	0.06061	0.11111	0.06061	0.0404	0.09091	0.11111	0.12121	0.12121	0.0404	0.05051	0.0101	0.07071	0.12121	0.10101	0.10101	0.06061	0.10101	0.08081	0.11111	0.12121	0.07071	0.12121	0.14141	0.0404	0.09091	0.12121	0.12121	0.11111	0.12121	0.19192	0.07071	0.14141	0.14141	0.08081	0.06061	0.10101	0.10101	0.10101	0.07071	0.22222	0.16162	0.09091	0.09091	0.0202	0.10101	0.09091	0.0303	0.09091	0.05051
"G"	0.335	0.3	0.265	0.365	0.365	0.385	0.35	0.3	0.315	0.335	0.335	0.315	0.27	0.32	0.285	0.31	0.325	0.305	0.345	0.345	0.34	0.225	0.36	0.3	0.315	0.295	0.29	0.305	0.325	0.235	0.335	0.29	0.325	0.33	0.265	0.32	0.365	0.295	0.265	0.31	0.295	0.305	0.295	0.34	0.395	0.3	0.335	0.32	0.3	0.325	0.325	0.34	0.3	0.33	0.27	0.335	0.295	0.32	0.335	0.31	0.325	0.345	0.285	0.31	0.35	0.325	0.29	0.32	0.29	0.345	0.355	0.37	0.36	0.29	0.355	0.335	0.35	0.29	0.345	0.22	0.345	0.305	0.29	0.295	0.33	0.355	0.31	0.3	0.23	0.325	0.33	0.28	0.32	0.26	0.385	0.33	0.35	0.32	0.34	0.305	0.305	0.3	0.3	0.285	0.355	0.31	0.315	0.28	0.285	0.29	0.305	0.35	0.35	0.32	0.275	0.375	0.345	0.25	0.33	0.33	0.33	0.295	0.33	0.34	0.34	0.355	0.27	0.34	0.305	0.285	0.345	0.32	0.29	0.34	0.325	0.33	0.335	0.32	0.31	0.335	0.305	0.27	0.305	0.29	0.365	0.3	0.3	0.32	0.365	0.31	0.345	0.31	0.315	0.345	0.25	0.32	0.33	0.315	0.285	0.245	0.295	0.28	0.295	0.355	0.29	0.31	0.315	0.33	0.275	0.355	0.315	0.32	0.345	0.335	0.285	0.305	0.355	0.3	0.335	0.33	0.375	0.31	0.34	0.33	0.33	0.31	0.32	0.335	0.335	0.32	0.42	0.365	0.33	0.345	0.28	0.325	0.335	0.33	0.28	0.3
"GA"	0.08586	0.07576	0.08586	0.03535	0.0404	0.07576	0.08586	0.04545	0.08586	0.0404	0.06061	0.09596	0.07576	0.04545	0.04545	0.06566	0.10101	0.06061	0.07071	0.02525	0.08081	0.09091	0.06566	0.09091	0.06566	0.06566	0.05556	0.07576	0.06061	0.06061	0.05051	0.06566	0.06566	0.06566	0.06061	0.11616	0.07576	0.08081	0.06061	0.05051	0.08081	0.0404	0.05556	0.07071	0.06061	0.07071	0.08081	0.03535	0.13131	0.0404	0.07071	0.06566	0.07071	0.07071	0.08081	0.09596	0.05556	0.06566	0.07071	0.0404	0.08081	0.07576	0.06566	0.10101	0.07576	0.06566	0.09091	0.08586	0.10101	0.07576	0.07071	0.06566	0.03535	0.11616	0.05556	0.07576	0.06061	0.07071	0.0303	0.06566	0.05051	0.07576	0.08081	0.06566	0.07576	0.03535	0.10101	0.10101	0.08081	0.07071	0.0404	0.08586	0.07071	0.08081	0.05556	0.07576	0.07576	0.06061	0.07071	0.05051	0.05556	0.05556	0.06061	0.09596	0.03535	0.08586	0.07576	0.06061	0.15152	0.08586	0.05556	0.07071	0.07071	0.08081	0.06061	0.05051	0.06566	0.04545	0.06061	0.05556	0.06566	0.05556	0.07576	0.08586	0.05556	0.04545	0.04545	0.05556	0.06061	0.07576	0.04545	0.08586	0.13636	0.07576	0.05556	0.09091	0.06566	0.06061	0.07071	0.04545	0.08081	0.08081	0.10606	0.10101	0.04545	0.08586	0.07071	0.0404	0.06566	0.07576	0.07071	0.0404	0.10101	0.07576	0.07071	0.08081	0.0404	0.07071	0.06566	0.06566	0.0404	0.09596	0.07576	0.07071	0.06566	0.07576	0.07071	0.07071	0.04545	0.08081	0.06566	0.10101	0.05556	0.04545	0.05051	0.12121	0.07576	0.09091	0.08586	0.08586	0.05556	0.07071	0.07576	0.07071	0.08586	0.05051	0.05051	0.04545	0.07576	0.08081	0.00505	0.05556	0.06061	0.06566	0.13131	0.06061	0.07071	0.05051	0.05051	0.08081
"GT"	0.0303	0.0404	0.0202	0.07576	0.0303	0.0101	0.05556	0.10101	0.07576	0.06566	0.05556	0.0404	0.03535	0.06566	0.07071	0.03535	0.05556	0.06061	0.05051	0.04545	0.0404	0.0202	0.04545	0.0404	0.0404	0.05051	0.05556	0.08081	0.05051	0.06566	0.04545	0.06061	0.05556	0.0404	0.03535	0.0303	0.02525	0.04545	0.05051	0.05556	0.05051	0.02525	0.06061	0.03535	0.03535	0.08081	0.04545	0.05051	0.0101	0.06061	0.03535	0.04545	0.0303	0.05556	0.03535	0.03535	0.06061	0.04545	0.06061	0.08081	0.0404	0.04545	0.05556	0.0303	0.06061	0.06566	0.04545	0.02525	0.02525	0.03535	0.07071	0.05556	0.04545	0.0404	0.0404	0.03535	0.0404	0.0303	0.06061	0.02525	0.0404	0.07071	0.05556	0.06061	0.05051	0.05556	0.04545	0.0303	0.0303	0.06566	0.06566	0.0303	0.07071	0.04545	0.0303	0.06061	0.0303	0.06061	0.05556	0.04545	0.05556	0.06566	0.05051	0.0303	0.11616	0.04545	0.05556	0.03535	0.0202	0.04545	0.05556	0.06061	0.0202	0.05051	0.05051	0.03535	0.0404	0.05556	0.05051	0.05556	0.04545	0.04545	0.06061	0.0404	0.05556	0.03535	0.03535	0.06566	0.06566	0.05051	0.05051	0.05051	0.03535	0.05556	0.02525	0.02525	0.03535	0.02525	0.05556	0.06566	0.0404	0.0303	0.04545	0.02525	0.06061	0.0101	0.02525	0.08081	0.06061	0.0404	0.0404	0.05556	0.03535	0.0202	0.05556	0.05051	0.06566	0.0303	0.04545	0.03535	0.12121	0.02525	0.06061	0.06566	0.06061	0.03535	0.04545	0.0404	0.02525	0.03535	0.03535	0.0404	0.05051	0.06061	0.04545	0.0303	0.0303	0.03535	0.06061	0.01515	0.05051	0.0404	0.0404	0.05051	0.04545	0.05051	0.08081	0.02525	0.0303	0.0404	0.03535	0.06566	0.05051	0.04545	0.0101	0.05051	0.05556	0.05556	0.0303	0.0101
"GC"	0.07071	0.08081	0.06061	0.12121	0.14141	0.15152	0.08081	0.05051	0.0303	0.10101	0.05051	0.05051	0.06061	0.07071	0.07071	0.09091	0.06061	0.07071	0.11111	0.15152	0.12121	0	0.10101	0.05051	0.08081	0.08081	0.07071	0.0303	0.09091	0.0101	0.10101	0.06061	0.09091	0.09091	0.05051	0.07071	0.12121	0.0404	0.0404	0.08081	0.05051	0.13131	0.05051	0.10101	0.15152	0.05051	0.10101	0.13131	0.0303	0.12121	0.09091	0.10101	0.07071	0.08081	0.05051	0.08081	0.07071	0.06061	0.06061	0.08081	0.07071	0.11111	0.05051	0.06061	0.08081	0.07071	0.05051	0.0404	0.0404	0.10101	0.09091	0.13131	0.15152	0.0202	0.14141	0.10101	0.15152	0.09091	0.14141	0	0.13131	0.0404	0.0303	0.07071	0.08081	0.15152	0.0303	0.07071	0.0101	0.08081	0.12121	0.05051	0.07071	0.0303	0.15152	0.09091	0.11111	0.10101	0.10101	0.10101	0.07071	0.07071	0.0303	0.06061	0.08081	0.06061	0.08081	0.08081	0	0.0202	0.09091	0.08081	0.12121	0.0303	0.06061	0.13131	0.10101	0.05051	0.09091	0.11111	0.08081	0.09091	0.08081	0.07071	0.11111	0.16162	0.0303	0.07071	0.06061	0.0202	0.05051	0.08081	0.0101	0.10101	0.14141	0.09091	0.10101	0.13131	0.08081	0.11111	0.06061	0.06061	0.05051	0.0404	0.15152	0.10101	0.08081	0.09091	0.10101	0.05051	0.11111	0.09091	0.05051	0.09091	0.0202	0.08081	0.11111	0.10101	0.07071	0.0303	0.0303	0.0303	0.06061	0.09091	0.06061	0.09091	0.09091	0.10101	0.09091	0.10101	0.10101	0.07071	0.10101	0.13131	0.08081	0.05051	0.12121	0.07071	0.08081	0.11111	0.15152	0.08081	0.10101	0.11111	0.07071	0.09091	0.07071	0.12121	0.10101	0.06061	0.26263	0.13131	0.08081	0.10101	0.0303	0.07071	0.08081	0.05051	0.09091	0.11111
"GG"	0.15152	0.10606	0.10101	0.13131	0.15152	0.14141	0.13131	0.10606	0.12626	0.13131	0.17172	0.13131	0.10101	0.13636	0.10101	0.11616	0.10606	0.11616	0.11616	0.12626	0.10101	0.11616	0.15152	0.12121	0.13131	0.10101	0.10606	0.12121	0.11616	0.10101	0.14141	0.10101	0.11111	0.13131	0.12121	0.10606	0.14646	0.12121	0.11111	0.11616	0.11616	0.10101	0.12626	0.13636	0.14141	0.10101	0.11111	0.10606	0.12626	0.10606	0.13131	0.12121	0.12626	0.12121	0.10101	0.12121	0.10606	0.14646	0.13636	0.11111	0.13636	0.11616	0.11111	0.12121	0.13636	0.11616	0.10101	0.16667	0.12626	0.13131	0.12121	0.11616	0.12626	0.11111	0.12121	0.12626	0.10101	0.10101	0.11616	0.12626	0.12121	0.12121	0.11616	0.10101	0.11616	0.11111	0.13636	0.10101	0.11111	0.11111	0.10101	0.11616	0.10606	0.10101	0.15152	0.10101	0.13131	0.10101	0.11111	0.10606	0.12121	0.10606	0.16162	0.10101	0.12121	0.11111	0.10606	0.10606	0.11111	0.13636	0.10606	0.13131	0.13636	0.16162	0.10606	0.16162	0.13636	0.10101	0.12626	0.11111	0.13636	0.10101	0.11616	0.13636	0.11616	0.10606	0.15657	0.14646	0.11616	0.14141	0.19192	0.10101	0.11111	0.10606	0.10101	0.12121	0.13636	0.10101	0.10606	0.11616	0.12121	0.10101	0.10101	0.12121	0.10606	0.10101	0.11616	0.11111	0.13636	0.14141	0.12626	0.12121	0.12626	0.15657	0.10606	0.10606	0.11616	0.11111	0.10101	0.11616	0.10606	0.13131	0.10101	0.13131	0.10101	0.10606	0.10606	0.11616	0.10606	0.13636	0.11616	0.11111	0.14141	0.10101	0.11111	0.10101	0.13131	0.10606	0.11111	0.12121	0.12121	0.11111	0.12121	0.10101	0.13131	0.12121	0.12121	0.14646	0.12626	0.13636	0.12121	0.11616	0.13636	0.13131	0.11111	0.14141	0.12626	0.17677	0.10606	0.10101
