"Matrix"	"AVCP010630434.1_0"	"AVCP010862181.1_142"	"AVCP010113492.1_0"	"AVCP010818267.1_1"	"AVCP010853727.1_21"	"AVCP010331480.1_4"	"AVCP010128425.1_253"	"AVCP010818840.1_116"	"AVCP011154325.1_94"	"AVCP010580850.1_36"	"AVCP010321825.1_5"	"AVCP010621561.1_2"	"AVCP010489568.1_45"	"AVCP010039880.1_11"	"AVCP010175684.1_2"	"AVCP010577611.1_32"	"AVCP010757191.1_12"	"AVCP011121476.1_95"	"AVCP011076958.1_48"	"AVCP010710829.1_56"	"AVCP010619138.1_17"	"AVCP010171927.1_60"	"AVCP010563878.1_6"	"AVCP010731142.1_0"	"AVCP011072944.1_5"	"AVCP010783404.1_24"	"AVCP010021452.1_37"	"AVCP010158042.1_5"	"AVCP010726929.1_113"	"AVCP010371119.1_32"	"AVCP010033329.1_5"	"AVCP010634796.1_73"	"AVCP011322376.1_2"	"AVCP010966724.1_2"	"AVCP010016907.1_130"	"AVCP010883312.1_0"	"AVCP010363524.1_5"	"AVCP010381241.1_22"	"AVCP010124871.1_6"	"AVCP011076996.1_92"	"AVCP010866003.1_35"	"AVCP010790220.1_5"	"AVCP011132746.1_48"	"AVCP010973565.1_5"	"AVCP010315380.1_13"	"AVCP010320394.1_42"	"AVCP010411263.1_56"	"AVCP010117233.1_101"	"AVCP010417100.1_0"	"AVCP010786378.1_56"	"AVCP010948754.1_16"	"AVCP010913115.1_51"	"AVCP010867178.1_11"	"AVCP011144658.1_14"	"AVCP010916223.1_28"	"AVCP010378008.1_481"	"AVCP010179606.1_53"	"AVCP010703176.1_246"	"AVCP010027143.1_12"	"AVCP011122977.1_117"	"AVCP010117130.1_9"	"AVCP010288094.1_93"	"AVCP010424542.1_34"	"AVCP010094874.1_6"	"AVCP010647175.1_133"	"AVCP010650539.1_223"	"AVCP010861649.1_145"	"AVCP010047947.1_22"	"AVCP010580458.1_22"	"AVCP010335740.1_23"	"AVCP010862143.1_164"	"AVCP010654656.1_34"	"AVCP010446560.1_87"	"AVCP010488798.1_1"	"AVCP010049623.1_118"	"AVCP010425038.1_12"	"AVCP010166715.1_215"	"AVCP010392742.1_114"	"AVCP010557234.1_42"	"AVCP011077043.1_32"	"AVCP010015724.1_37"	"AVCP010760174.1_18"	"AVCP010629491.1_13"	"AVCP010771310.1_44"	"AVCP010341988.1_179"	"AVCP011091440.1_12"	"AVCP010581107.1_194"	"AVCP010319863.1_54"	"AVCP010883279.1_54"	"AVCP010197162.1_28"	"AVCP010392482.1_11"	"AVCP010263091.1_38"	"AVCP010597992.1_85"	"AVCP011142098.1_3"	"AVCP010370476.1_227"	"AVCP010685716.1_157"	"AVCP010770569.1_53"	"AVCP010352384.1_45"	"AVCP010039663.1_82"	"AVCP010089022.1_38"	"AVCP010549086.1_17"	"AVCP010179936.1_8"	"AVCP011088460.1_3"	"AVCP011064620.1_35"	"AVCP010796984.1_27"	"AVCP010798003.1_64"	"AVCP010105528.1_15"	"AVCP011081452.1_9"	"AVCP010464064.1_61"	"AVCP010880350.1_75"	"AVCP010564428.1_35"	"AVCP010287889.1_53"	"AVCP010238089.1_7"	"AVCP010692336.1_0"	"AVCP010509404.1_38"	"AVCP010495376.1_8"	"AVCP010236256.1_78"	"AVCP010958665.1_11"	"AVCP011024737.1_245"	"AVCP010531555.1_7"	"AVCP010477962.1_67"	"AVCP010774273.1_81"	"AVCP010011367.1_13"	"AVCP010643285.1_41"	"AVCP010436252.1_34"	"AVCP010015831.1_10"	"AVCP011101003.1_49"	"AVCP010168828.1_79"	"AVCP010677778.1_81"	"AVCP010929310.1_100"	"AVCP011053774.1_14"	"AVCP010958781.1_86"	"AVCP010732750.1_5"	"AVCP010477483.1_0"	"AVCP010216607.1_4"	"AVCP010635355.1_38"	"AVCP010794398.1_70"	"AVCP011026413.1_78"	"AVCP011109964.1_65"	"AVCP010438687.1_3"	"AVCP010586164.1_19"	"AVCP010757704.1_6"	"AVCP010663741.1_20"	"AVCP010937684.1_128"	"AVCP010200013.1_89"	"AVCP010714800.1_119"	"AVCP010220949.1_19"	"AVCP010819160.1_38"	"AVCP010015574.1_93"	"AVCP010543099.1_0"	"AVCP010628219.1_297"	"AVCP010732186.1_43"	"AVCP010383862.1_5"	"AVCP010975741.1_19"	"AVCP010725491.1_57"	"AVCP010969761.1_19"	"AVCP010964882.1_148"	"AVCP010351373.1_61"	"AVCP010452101.1_80"	"AVCP010660001.1_79"	"AVCP010022423.1_72"	"AVCP010898524.1_148"	"AVCP010801363.1_0"	"AVCP010585243.1_0"	"AVCP010890027.1_36"	"AVCP010188867.1_0"	"AVCP010194627.1_4"	"AVCP010507284.1_41"	"AVCP010428232.1_41"	"AVCP010812603.1_2"	"AVCP010336708.1_88"	"AVCP010621345.1_33"	"AVCP010809114.1_42"	"AVCP010860496.1_54"	"AVCP010613703.1_204"	"AVCP010709534.1_38"	"AVCP010420992.1_5"	"AVCP010207912.1_3"	"AVCP010231124.1_9"	"AVCP010388071.1_53"	"AVCP010121767.1_81"	"AVCP010885787.1_1"	"AVCP010893869.1_7"	"AVCP010035409.1_14"	"AVCP010685254.1_44"	"AVCP010321005.1_29"	"AVCP010277453.1_5"	"AVCP010851046.1_189"	"AVCP010770495.1_64"	"AVCP010998634.1_5"	"AVCP010101949.1_35"	"AVCP010451683.1_36"	"AVCP010420573.1_24"	"AVCP010656834.1_39"	"AVCP010660445.1_3"	"AVCP010034934.1_14"	"AVCP010206098.1_23"	"AVCP010995287.1_48"	"AVCP010957739.1_18"	"AVCP010176553.1_0"
"A"	0.12	0.24	0.155	0.215	0.175	0.2	0.195	0.16	0.215	0.155	0.165	0.22	0.175	0.26	0.225	0.175	0.16	0.265	0.2	0.19	0.16	0.195	0.21	0.165	0.225	0.24	0.165	0.205	0.165	0.215	0.215	0.205	0.13	0.155	0.23	0.125	0.16	0.175	0.175	0.175	0.15	0.225	0.19	0.215	0.19	0.17	0.155	0.24	0.19	0.165	0.185	0.205	0.23	0.22	0.185	0.21	0.15	0.215	0.255	0.22	0.26	0.215	0.21	0.185	0.17	0.245	0.16	0.24	0.18	0.275	0.225	0.25	0.23	0.185	0.235	0.165	0.195	0.26	0.22	0.16	0.265	0.24	0.2	0.165	0.275	0.195	0.225	0.24	0.21	0.205	0.215	0.21	0.17	0.185	0.26	0.205	0.15	0.255	0.225	0.145	0.14	0.185	0.23	0.185	0.175	0.205	0.175	0.27	0.235	0.215	0.235	0.225	0.15	0.235	0.17	0.165	0.235	0.215	0.215	0.21	0.195	0.23	0.215	0.23	0.155	0.175	0.21	0.165	0.17	0.215	0.205	0.225	0.23	0.155	0.185	0.16	0.115	0.2	0.185	0.165	0.2	0.16	0.205	0.18	0.18	0.13	0.26	0.165	0.18	0.205	0.16	0.22	0.165	0.165	0.225	0.17	0.225	0.17	0.21	0.265	0.145	0.195	0.18	0.23	0.17	0.15	0.21	0.235	0.215	0.23	0.16	0.22	0.225	0.125	0.195	0.17	0.215	0.235	0.145	0.225	0.21	0.22	0.115	0.21	0.17	0.175	0.21	0.145	0.265	0.22	0.205	0.25	0.245	0.19	0.255	0.195	0.255	0.17	0.21	0.155
"AA"	0.00505	0.06061	0.0404	0.10101	0.0303	0.06061	0.0303	0.0303	0.06061	0.0404	0.00505	0.05556	0.04545	0.10606	0.05051	0.0303	0.03535	0.09091	0.0404	0.05556	0.0404	0.0404	0.04545	0.02525	0.04545	0.06566	0.0404	0.07071	0.03535	0.11111	0.06566	0.07071	0.04545	0.0202	0.06566	0.0101	0.0202	0.05051	0.02525	0.05051	0.0101	0.07071	0.03535	0.05556	0.0303	0.0303	0.0303	0.09596	0.05556	0.0202	0.0404	0.04545	0.04545	0.06566	0.02525	0.0404	0.02525	0.07576	0.10101	0.05051	0.06566	0.03535	0.04545	0.00505	0.0303	0.0404	0.02525	0.07576	0.0404	0.08586	0.07576	0.08586	0.08081	0.0303	0.03535	0.02525	0.03535	0.07576	0.06061	0.02525	0.08081	0.09596	0.02525	0.01515	0.14646	0.04545	0.05556	0.06061	0.0404	0.05556	0.06061	0.03535	0.0303	0.02525	0.10101	0.05556	0.0202	0.06566	0.0404	0.0202	0.0202	0.0303	0.06061	0.05051	0.03535	0.04545	0.02525	0.09091	0.05051	0.07071	0.07071	0.03535	0.02525	0.06566	0.0404	0.02525	0.04545	0.06061	0.05051	0.04545	0.06061	0.07576	0.06061	0.0404	0.0101	0.04545	0.03535	0.0202	0.03535	0.06061	0.03535	0.05051	0.0404	0.03535	0.0202	0.01515	0.01515	0.05051	0.03535	0.0202	0.03535	0.0303	0.05556	0.0202	0.0404	0.02525	0.12626	0.0303	0.02525	0.05051	0.0303	0.05556	0.04545	0.02525	0.07071	0.02525	0.06061	0.02525	0.02525	0.07576	0.0101	0.0303	0.0303	0.11111	0.0303	0.0202	0.07071	0.06566	0.04545	0.06566	0.0303	0.06061	0.05556	0.00505	0.0303	0.0404	0.0303	0.06566	0.01515	0.04545	0.03535	0.06566	0.01515	0.0404	0.03535	0.0303	0.0202	0.01515	0.07071	0.05556	0.04545	0.08081	0.06061	0.04545	0.08586	0.03535	0.09596	0.0202	0.0404	0.02525
"AT"	0.0101	0.05051	0.0101	0	0.0404	0.0303	0.0303	0.0202	0.0404	0.0101	0.0101	0.0404	0.0202	0.05051	0.06061	0.06061	0.0202	0.08081	0.0202	0.05051	0	0.05051	0.07071	0.0303	0.0404	0.0303	0.0202	0	0.0303	0.0101	0.0303	0.0404	0.0101	0.0404	0.05051	0.0202	0.05051	0.0101	0.0404	0.0303	0.0202	0.0303	0.0202	0.06061	0.07071	0.0101	0.0202	0.06061	0.06061	0.0303	0.0202	0.06061	0.05051	0.0404	0.05051	0.08081	0	0.0303	0.05051	0.05051	0.09091	0.06061	0.06061	0.0404	0.0101	0.08081	0.0404	0.06061	0.0202	0.08081	0.05051	0.0303	0.0404	0.0202	0.07071	0.0404	0.0404	0.07071	0.0202	0	0.07071	0.05051	0.0303	0.0404	0.06061	0.0303	0.0303	0.0303	0.0404	0.0303	0.0303	0.06061	0.0303	0.0404	0.08081	0.05051	0.0101	0.06061	0.09091	0.0202	0.0303	0.0404	0.0404	0.05051	0.0404	0.0404	0.0202	0.07071	0.06061	0.06061	0.0202	0.0404	0.0303	0.07071	0.0303	0.0202	0.07071	0.0202	0.0303	0.0404	0.0202	0.05051	0.06061	0.07071	0.05051	0	0.05051	0.0404	0.0404	0.0303	0.0404	0.0404	0.08081	0.0404	0.0404	0.0101	0.0202	0.0202	0.0404	0.0202	0.0404	0	0.0303	0.05051	0.0202	0.0202	0.06061	0.0303	0.05051	0.0202	0	0.05051	0.0303	0.0202	0.0303	0.0404	0.06061	0.06061	0.06061	0.09091	0	0.05051	0.0404	0.0404	0.0404	0.0202	0.0303	0.05051	0.0202	0.0303	0.0202	0.05051	0.07071	0.0202	0.06061	0.0202	0.08081	0.07071	0.0404	0.0202	0.05051	0.06061	0	0.05051	0.05051	0.0404	0.0404	0	0.09091	0.0303	0.0202	0.06061	0.08081	0.0101	0.09091	0.0404	0.05051	0.0202	0.06061	0.0303
"AC"	0.04545	0.03535	0.07071	0.05051	0.03535	0.05556	0.09091	0.05556	0.04545	0.04545	0.08586	0.05556	0.07071	0.0404	0.05556	0.05051	0.0404	0.06061	0.07576	0.0202	0.0404	0.05556	0.05051	0.04545	0.07576	0.06566	0.08586	0.05556	0.05556	0.0101	0.03535	0.05051	0.0404	0.05556	0.06566	0.05051	0.05556	0.06061	0.05556	0.06566	0.05051	0.05051	0.03535	0.06061	0.0404	0.05051	0.03535	0.04545	0.0303	0.06061	0.05051	0.06061	0.04545	0.0404	0.05556	0.0404	0.06061	0.03535	0.06566	0.05556	0.03535	0.06566	0.05556	0.0202	0.07071	0.0404	0.05051	0.0202	0.06566	0.06061	0.04545	0.07071	0.06061	0.05051	0.08081	0.05556	0.06566	0.05556	0.08081	0.06061	0.04545	0.0404	0.06566	0.06566	0.04545	0.05556	0.07576	0.08586	0.06061	0.06566	0.06566	0.0404	0.06566	0.0404	0.03535	0.05556	0.06566	0.06566	0.06566	0.06566	0.05051	0.05051	0.07071	0.0202	0.05051	0.06061	0.06566	0.05051	0.06061	0.02525	0.06566	0.0404	0.05051	0.0303	0.03535	0.06566	0.04545	0.07576	0.03535	0.06566	0.07576	0.05051	0.04545	0.06566	0.05051	0.07071	0.06566	0.06566	0.05556	0.06061	0.07576	0.05556	0.04545	0.02525	0.06061	0.05556	0.0404	0.05556	0.03535	0.06566	0.07576	0.05051	0.05556	0.06566	0.07071	0.0303	0.02525	0.0303	0.05556	0.06566	0.04545	0.06566	0.05051	0.06566	0.07576	0.05556	0.06061	0.02525	0.06566	0.06061	0.07071	0.06061	0.05051	0.04545	0.0303	0.06061	0.04545	0.07576	0.06061	0.07071	0.04545	0.0404	0.05051	0.06566	0.03535	0.05051	0.0404	0.07071	0.04545	0.08081	0.03535	0.05051	0.05051	0.06566	0.05556	0.06061	0.08081	0.07576	0.0303	0.0404	0.06566	0.05051	0.06061	0.06061	0.0404	0.05556	0.0303	0.08081	0.0404	0.05051
"AG"	0.06061	0.09596	0.03535	0.06566	0.06061	0.05051	0.04545	0.05051	0.06566	0.06061	0.06566	0.06566	0.0404	0.06061	0.06061	0.03535	0.06061	0.03535	0.06061	0.06061	0.08081	0.04545	0.04545	0.06566	0.06061	0.07576	0.0202	0.07576	0.04545	0.08081	0.07576	0.0404	0.03535	0.0404	0.05051	0.0404	0.03535	0.05556	0.05051	0.0303	0.07071	0.07576	0.09596	0.0404	0.05051	0.08081	0.07071	0.03535	0.04545	0.05556	0.07576	0.03535	0.09091	0.07071	0.05051	0.05051	0.06566	0.07576	0.0404	0.06061	0.06566	0.05556	0.05051	0.12121	0.05556	0.08586	0.0404	0.08586	0.05556	0.05051	0.05051	0.06061	0.0404	0.08586	0.05051	0.04545	0.05556	0.06061	0.06061	0.07576	0.06061	0.05051	0.07576	0.04545	0.02525	0.06566	0.06566	0.06566	0.07071	0.05556	0.06061	0.07576	0.04545	0.07576	0.0404	0.04545	0.04545	0.06566	0.02525	0.0404	0.0404	0.06061	0.06061	0.06566	0.05051	0.05556	0.06061	0.05556	0.06566	0.06061	0.07576	0.10606	0.0404	0.07071	0.06061	0.04545	0.07071	0.05556	0.09596	0.05556	0.03535	0.05051	0.04545	0.05556	0.04545	0.06061	0.06061	0.0404	0.0404	0.06566	0.05051	0.08081	0.06061	0.05556	0.06566	0.08081	0.0404	0.07071	0.07576	0.06061	0.04545	0.08081	0.06061	0.0404	0.04545	0.05556	0.04545	0.07576	0.04545	0.07071	0.08586	0.05051	0.03535	0.05556	0.04545	0.05051	0.04545	0.06061	0.06061	0.03535	0.06566	0.05556	0.06061	0.0303	0.07071	0.04545	0.06061	0.04545	0.08081	0.05556	0.06566	0.06566	0.05051	0.03535	0.06566	0.05556	0.06061	0.0303	0.0404	0.08081	0.09091	0.0404	0.04545	0.05556	0.02525	0.0404	0.06566	0.05051	0.06566	0.09091	0.06566	0.05556	0.0404	0.07071	0.0404	0.06566	0.07071	0.04545	0.06566	0.04545
"T"	0.12	0.24	0.155	0.215	0.175	0.2	0.195	0.16	0.215	0.155	0.165	0.22	0.175	0.26	0.225	0.175	0.16	0.265	0.2	0.19	0.16	0.195	0.21	0.165	0.225	0.24	0.165	0.205	0.165	0.215	0.215	0.205	0.13	0.155	0.23	0.125	0.16	0.175	0.175	0.175	0.15	0.225	0.19	0.215	0.19	0.17	0.155	0.24	0.19	0.165	0.185	0.205	0.23	0.22	0.185	0.21	0.15	0.215	0.255	0.22	0.26	0.215	0.21	0.185	0.17	0.245	0.16	0.24	0.18	0.275	0.225	0.25	0.23	0.185	0.235	0.165	0.195	0.26	0.22	0.16	0.265	0.24	0.2	0.165	0.275	0.195	0.225	0.24	0.21	0.205	0.215	0.21	0.17	0.185	0.26	0.205	0.15	0.255	0.225	0.145	0.14	0.185	0.23	0.185	0.175	0.205	0.175	0.27	0.235	0.215	0.235	0.225	0.15	0.235	0.17	0.165	0.235	0.215	0.215	0.21	0.195	0.23	0.215	0.23	0.155	0.175	0.21	0.165	0.17	0.215	0.205	0.225	0.23	0.155	0.185	0.16	0.115	0.2	0.185	0.165	0.2	0.16	0.205	0.18	0.18	0.13	0.26	0.165	0.18	0.205	0.16	0.22	0.165	0.165	0.225	0.17	0.225	0.17	0.21	0.265	0.145	0.195	0.18	0.23	0.17	0.15	0.21	0.235	0.215	0.23	0.16	0.22	0.225	0.125	0.195	0.17	0.215	0.235	0.145	0.225	0.21	0.22	0.115	0.21	0.17	0.175	0.21	0.145	0.265	0.22	0.205	0.25	0.245	0.19	0.255	0.195	0.255	0.17	0.21	0.155
"TA"	0	0.0404	0.0202	0	0.0303	0.0303	0.05051	0.0101	0.06061	0.0101	0.0202	0.07071	0.0404	0.05051	0.05051	0.0202	0.0202	0.10101	0.08081	0.05051	0.0101	0.0303	0.0202	0.0101	0.05051	0.0404	0.0101	0.0202	0.0101	0.0101	0.0202	0.0202	0.0303	0.0101	0.05051	0.0101	0.0202	0.0202	0.0303	0.0101	0.0404	0.0101	0	0	0.0303	0.0101	0	0.0303	0.05051	0.0202	0.06061	0.0202	0.0404	0.0101	0.0303	0.0404	0.0101	0.0303	0.0404	0.0202	0.0404	0.05051	0.06061	0.0101	0.0202	0.07071	0.0202	0.0202	0.0101	0.06061	0.05051	0.05051	0.0202	0	0.05051	0.0303	0.06061	0.08081	0.0404	0.0101	0.06061	0.0404	0.07071	0.0202	0.0303	0.0303	0.06061	0.07071	0.05051	0.0404	0.05051	0.0404	0.0202	0.05051	0.0202	0.0303	0	0.05051	0.07071	0.0202	0.0101	0.05051	0.0202	0.0202	0.0303	0.0404	0.0202	0.06061	0.05051	0.06061	0.06061	0.05051	0.0404	0.0404	0.0202	0.0303	0.0303	0.0404	0.0404	0.0202	0	0.05051	0.0202	0.08081	0.0101	0.0101	0.05051	0.0202	0.0202	0.0303	0.06061	0.0303	0.06061	0.0101	0.06061	0.0101	0	0.0202	0.0202	0.0303	0.05051	0.0101	0	0.0303	0	0.0101	0.05051	0.05051	0.0404	0.0404	0.0404	0.0404	0.0202	0.0101	0.0404	0.0303	0.0303	0.0404	0.0101	0.08081	0.0101	0.0404	0.0303	0.0303	0.0404	0.0101	0.06061	0.0202	0.0303	0.08081	0.0303	0.0303	0.0202	0	0.0404	0.0404	0.0404	0.0202	0.0202	0.0404	0.0404	0.0404	0	0.05051	0.0202	0.0202	0.06061	0.0202	0.0303	0.0303	0.0303	0.05051	0.08081	0.0202	0.05051	0.0404	0.0404	0	0.07071	0.0303
"TT"	0.00505	0.06061	0.0404	0.10101	0.0303	0.06061	0.0303	0.0303	0.06061	0.0404	0.00505	0.05556	0.04545	0.10606	0.05051	0.0303	0.03535	0.09091	0.0404	0.05556	0.0404	0.0404	0.04545	0.02525	0.04545	0.06566	0.0404	0.07071	0.03535	0.11111	0.06566	0.07071	0.04545	0.0202	0.06566	0.0101	0.0202	0.05051	0.02525	0.05051	0.0101	0.07071	0.03535	0.05556	0.0303	0.0303	0.0303	0.09596	0.05556	0.0202	0.0404	0.04545	0.04545	0.06566	0.02525	0.0404	0.02525	0.07576	0.10101	0.05051	0.06566	0.03535	0.04545	0.00505	0.0303	0.0404	0.02525	0.07576	0.0404	0.08586	0.07576	0.08586	0.08081	0.0303	0.03535	0.02525	0.03535	0.07576	0.06061	0.02525	0.08081	0.09596	0.02525	0.01515	0.14646	0.04545	0.05556	0.06061	0.0404	0.05556	0.06061	0.03535	0.0303	0.02525	0.10101	0.05556	0.0202	0.06566	0.0404	0.0202	0.0202	0.0303	0.06061	0.05051	0.03535	0.04545	0.02525	0.09091	0.05051	0.07071	0.07071	0.03535	0.02525	0.06566	0.0404	0.02525	0.04545	0.06061	0.05051	0.04545	0.06061	0.07576	0.06061	0.0404	0.0101	0.04545	0.03535	0.0202	0.03535	0.06061	0.03535	0.05051	0.0404	0.03535	0.0202	0.01515	0.01515	0.05051	0.03535	0.0202	0.03535	0.0303	0.05556	0.0202	0.0404	0.02525	0.12626	0.0303	0.02525	0.05051	0.0303	0.05556	0.04545	0.02525	0.07071	0.02525	0.06061	0.02525	0.02525	0.07576	0.0101	0.0303	0.0303	0.11111	0.0303	0.0202	0.07071	0.06566	0.04545	0.06566	0.0303	0.06061	0.05556	0.00505	0.0303	0.0404	0.0303	0.06566	0.01515	0.04545	0.03535	0.06566	0.01515	0.0404	0.03535	0.0303	0.0202	0.01515	0.07071	0.05556	0.04545	0.08081	0.06061	0.04545	0.08586	0.03535	0.09596	0.0202	0.0404	0.02525
"TC"	0.05556	0.08081	0.0303	0.07071	0.04545	0.05556	0.05051	0.06566	0.06566	0.05556	0.06061	0.0404	0.04545	0.06566	0.05051	0.06061	0.05556	0.03535	0.0303	0.04545	0.06061	0.06566	0.07576	0.08081	0.0404	0.07576	0.05556	0.0404	0.06566	0.0404	0.08081	0.07576	0.03535	0.06061	0.07071	0.0404	0.05556	0.06061	0.06061	0.03535	0.02525	0.06566	0.09091	0.08586	0.05556	0.05556	0.05556	0.05556	0.0404	0.06566	0.02525	0.06566	0.09091	0.07576	0.06566	0.07071	0.08081	0.05051	0.06061	0.06566	0.09596	0.0404	0.06566	0.08586	0.05556	0.06566	0.05556	0.09596	0.07071	0.06061	0.0404	0.05051	0.05556	0.08586	0.05051	0.05556	0.04545	0.04545	0.04545	0.06061	0.05051	0.05051	0.0303	0.06566	0.04545	0.07071	0.03535	0.0404	0.06061	0.07071	0.01515	0.05556	0.06061	0.05556	0.07576	0.05556	0.05556	0.06061	0.05051	0.0404	0.0404	0.06566	0.06566	0.05051	0.04545	0.06061	0.06566	0.06061	0.06061	0.0404	0.03535	0.10606	0.04545	0.07071	0.06061	0.05556	0.09091	0.05051	0.06566	0.04545	0.03535	0.05051	0.05556	0.05556	0.05556	0.04545	0.06566	0.06566	0.03535	0.04545	0.06061	0.08081	0.05051	0.08081	0.06061	0.05556	0.04545	0.08081	0.07576	0.06061	0.06566	0.03535	0.07576	0.06061	0.07071	0.0404	0.0404	0.03535	0.07071	0.05051	0.06061	0.0404	0.04545	0.06061	0.04545	0.05556	0.06061	0.05556	0.05556	0.0404	0.05556	0.05556	0.04545	0.0404	0.0303	0.06566	0.02525	0.06061	0.08081	0.03535	0.06566	0.04545	0.07576	0.06061	0.07576	0.06061	0.05556	0.07071	0.06566	0.06061	0.10606	0.05051	0.05556	0.05051	0.04545	0.06566	0.05556	0.05556	0.10101	0.10101	0.07071	0.06061	0.05051	0.0303	0.06566	0.08081	0.06566	0.06566	0.0404	0.06061
"TG"	0.05556	0.06061	0.06566	0.0404	0.07071	0.05556	0.06566	0.05556	0.02525	0.05051	0.08081	0.05556	0.04545	0.0404	0.07071	0.06061	0.05051	0.0404	0.04545	0.0404	0.05051	0.05556	0.07071	0.04545	0.08586	0.05556	0.06061	0.07576	0.04545	0.05051	0.05051	0.03535	0.0202	0.06061	0.04545	0.06566	0.06061	0.0404	0.05556	0.07071	0.07576	0.07576	0.06566	0.07576	0.07071	0.07576	0.06566	0.05556	0.04545	0.06061	0.05556	0.07576	0.05556	0.07071	0.06061	0.06061	0.03535	0.05556	0.05556	0.08586	0.06061	0.08586	0.0404	0.08586	0.06566	0.06061	0.06061	0.04545	0.06061	0.06566	0.06061	0.06566	0.07576	0.07071	0.10101	0.05556	0.05556	0.05556	0.07071	0.06566	0.07576	0.05556	0.07576	0.06061	0.04545	0.05051	0.07576	0.06566	0.05051	0.0404	0.08586	0.07576	0.05556	0.05556	0.06566	0.06566	0.07576	0.08081	0.06061	0.06061	0.06566	0.03535	0.08586	0.06566	0.06061	0.06061	0.06566	0.05556	0.07071	0.0404	0.07071	0.03535	0.03535	0.05556	0.05051	0.05556	0.06566	0.06061	0.05556	0.10101	0.09596	0.05556	0.08081	0.05556	0.07071	0.07071	0.05556	0.05556	0.07576	0.07576	0.05051	0.06566	0.08081	0.0303	0.04545	0.08081	0.05051	0.05051	0.05556	0.05556	0.05051	0.08081	0.07576	0.07071	0.06566	0.05556	0.04545	0.05051	0.04545	0.06061	0.02525	0.07576	0.05051	0.07071	0.07071	0.05556	0.07576	0.04545	0.11616	0.07071	0.06566	0.06566	0.07576	0.04545	0.06566	0.05556	0.05556	0.08586	0.06061	0.05051	0.03535	0.08586	0.07576	0.06061	0.05051	0.0303	0.09091	0.08081	0.04545	0.08081	0.0303	0.06566	0.0404	0.06061	0.06566	0.06061	0.07071	0.05556	0.06566	0.03535	0.06061	0.05556	0.05051	0.09596	0.05556	0.03535	0.05556	0.08586	0.06061	0.0404
"C"	0.38	0.26	0.345	0.285	0.325	0.3	0.305	0.34	0.285	0.345	0.335	0.28	0.325	0.24	0.275	0.325	0.34	0.235	0.3	0.31	0.34	0.305	0.29	0.335	0.275	0.26	0.335	0.295	0.335	0.285	0.285	0.295	0.37	0.345	0.27	0.375	0.34	0.325	0.325	0.325	0.35	0.275	0.31	0.285	0.31	0.33	0.345	0.26	0.31	0.335	0.315	0.295	0.27	0.28	0.315	0.29	0.35	0.285	0.245	0.28	0.24	0.285	0.29	0.315	0.33	0.255	0.34	0.26	0.32	0.225	0.275	0.25	0.27	0.315	0.265	0.335	0.305	0.24	0.28	0.34	0.235	0.26	0.3	0.335	0.225	0.305	0.275	0.26	0.29	0.295	0.285	0.29	0.33	0.315	0.24	0.295	0.35	0.245	0.275	0.355	0.36	0.315	0.27	0.315	0.325	0.295	0.325	0.23	0.265	0.285	0.265	0.275	0.35	0.265	0.33	0.335	0.265	0.285	0.285	0.29	0.305	0.27	0.285	0.27	0.345	0.325	0.29	0.335	0.33	0.285	0.295	0.275	0.27	0.345	0.315	0.34	0.385	0.3	0.315	0.335	0.3	0.34	0.295	0.32	0.32	0.37	0.24	0.335	0.32	0.295	0.34	0.28	0.335	0.335	0.275	0.33	0.275	0.33	0.29	0.235	0.355	0.305	0.32	0.27	0.33	0.35	0.29	0.265	0.285	0.27	0.34	0.28	0.275	0.375	0.305	0.33	0.285	0.265	0.355	0.275	0.29	0.28	0.385	0.29	0.33	0.325	0.29	0.355	0.235	0.28	0.295	0.25	0.255	0.31	0.245	0.305	0.245	0.33	0.29	0.345
"CA"	0.05556	0.06061	0.06566	0.0404	0.07071	0.05556	0.06566	0.05556	0.02525	0.05051	0.08081	0.05556	0.04545	0.0404	0.07071	0.06061	0.05051	0.0404	0.04545	0.0404	0.05051	0.05556	0.07071	0.04545	0.08586	0.05556	0.06061	0.07576	0.04545	0.05051	0.05051	0.03535	0.0202	0.06061	0.04545	0.06566	0.06061	0.0404	0.05556	0.07071	0.07576	0.07576	0.06566	0.07576	0.07071	0.07576	0.06566	0.05556	0.04545	0.06061	0.05556	0.07576	0.05556	0.07071	0.06061	0.06061	0.03535	0.05556	0.05556	0.08586	0.06061	0.08586	0.0404	0.08586	0.06566	0.06061	0.06061	0.04545	0.06061	0.06566	0.06061	0.06566	0.07576	0.07071	0.10101	0.05556	0.05556	0.05556	0.07071	0.06566	0.07576	0.05556	0.07576	0.06061	0.04545	0.05051	0.07576	0.06566	0.05051	0.0404	0.08586	0.07576	0.05556	0.05556	0.06566	0.06566	0.07576	0.08081	0.06061	0.06061	0.06566	0.03535	0.08586	0.06566	0.06061	0.06061	0.06566	0.05556	0.07071	0.0404	0.07071	0.03535	0.03535	0.05556	0.05051	0.05556	0.06566	0.06061	0.05556	0.10101	0.09596	0.05556	0.08081	0.05556	0.07071	0.07071	0.05556	0.05556	0.07576	0.07576	0.05051	0.06566	0.08081	0.0303	0.04545	0.08081	0.05051	0.05051	0.05556	0.05556	0.05051	0.08081	0.07576	0.07071	0.06566	0.05556	0.04545	0.05051	0.04545	0.06061	0.02525	0.07576	0.05051	0.07071	0.07071	0.05556	0.07576	0.04545	0.11616	0.07071	0.06566	0.06566	0.07576	0.04545	0.06566	0.05556	0.05556	0.08586	0.06061	0.05051	0.03535	0.08586	0.07576	0.06061	0.05051	0.0303	0.09091	0.08081	0.04545	0.08081	0.0303	0.06566	0.0404	0.06061	0.06566	0.06061	0.07071	0.05556	0.06566	0.03535	0.06061	0.05556	0.05051	0.09596	0.05556	0.03535	0.05556	0.08586	0.06061	0.0404
"CT"	0.06061	0.09596	0.03535	0.06566	0.06061	0.05051	0.04545	0.05051	0.06566	0.06061	0.06566	0.06566	0.0404	0.06061	0.06061	0.03535	0.06061	0.03535	0.06061	0.06061	0.08081	0.04545	0.04545	0.06566	0.06061	0.07576	0.0202	0.07576	0.04545	0.08081	0.07576	0.0404	0.03535	0.0404	0.05051	0.0404	0.03535	0.05556	0.05051	0.0303	0.07071	0.07576	0.09596	0.0404	0.05051	0.08081	0.07071	0.03535	0.04545	0.05556	0.07576	0.03535	0.09091	0.07071	0.05051	0.05051	0.06566	0.07576	0.0404	0.06061	0.06566	0.05556	0.05051	0.12121	0.05556	0.08586	0.0404	0.08586	0.05556	0.05051	0.05051	0.06061	0.0404	0.08586	0.05051	0.04545	0.05556	0.06061	0.06061	0.07576	0.06061	0.05051	0.07576	0.04545	0.02525	0.06566	0.06566	0.06566	0.07071	0.05556	0.06061	0.07576	0.04545	0.07576	0.0404	0.04545	0.04545	0.06566	0.02525	0.0404	0.0404	0.06061	0.06061	0.06566	0.05051	0.05556	0.06061	0.05556	0.06566	0.06061	0.07576	0.10606	0.0404	0.07071	0.06061	0.04545	0.07071	0.05556	0.09596	0.05556	0.03535	0.05051	0.04545	0.05556	0.04545	0.06061	0.06061	0.0404	0.0404	0.06566	0.05051	0.08081	0.06061	0.05556	0.06566	0.08081	0.0404	0.07071	0.07576	0.06061	0.04545	0.08081	0.06061	0.0404	0.04545	0.05556	0.04545	0.07576	0.04545	0.07071	0.08586	0.05051	0.03535	0.05556	0.04545	0.05051	0.04545	0.06061	0.06061	0.03535	0.06566	0.05556	0.06061	0.0303	0.07071	0.04545	0.06061	0.04545	0.08081	0.05556	0.06566	0.06566	0.05051	0.03535	0.06566	0.05556	0.06061	0.0303	0.0404	0.08081	0.09091	0.0404	0.04545	0.05556	0.02525	0.0404	0.06566	0.05051	0.06566	0.09091	0.06566	0.05556	0.0404	0.07071	0.0404	0.06566	0.07071	0.04545	0.06566	0.04545
"CC"	0.13131	0.10101	0.11111	0.10606	0.10606	0.12121	0.10101	0.12626	0.13636	0.11616	0.10101	0.12626	0.12626	0.10606	0.10101	0.12121	0.12121	0.10606	0.13636	0.11111	0.14141	0.11616	0.10101	0.12626	0.12121	0.10101	0.17172	0.10606	0.13636	0.13636	0.11111	0.11111	0.13131	0.12626	0.10606	0.11111	0.13636	0.10101	0.12121	0.10606	0.11616	0.11111	0.10606	0.10101	0.12626	0.10606	0.12626	0.11111	0.11616	0.13131	0.10606	0.12626	0.11616	0.13131	0.12626	0.11111	0.12121	0.13636	0.10606	0.11111	0.10101	0.10101	0.10606	0.10101	0.12121	0.10101	0.12121	0.11616	0.10606	0.10606	0.13636	0.10101	0.10606	0.10101	0.11616	0.12121	0.10101	0.12626	0.13131	0.10101	0.10101	0.12626	0.12121	0.12626	0.11616	0.10606	0.10606	0.10101	0.10101	0.10606	0.11111	0.11111	0.11616	0.10101	0.10101	0.11111	0.11111	0.10101	0.10101	0.13636	0.14646	0.12121	0.10101	0.11616	0.11111	0.10606	0.10101	0.11111	0.10101	0.10101	0.12121	0.12121	0.12626	0.12626	0.10606	0.10606	0.10101	0.14141	0.11616	0.10101	0.13636	0.10606	0.11111	0.10101	0.13131	0.10101	0.10101	0.12626	0.10101	0.10101	0.10101	0.10606	0.11111	0.12626	0.11111	0.11111	0.10101	0.13636	0.10101	0.10101	0.10606	0.12626	0.10606	0.10606	0.12121	0.13131	0.10606	0.15152	0.13131	0.10101	0.18687	0.10606	0.12121	0.11111	0.10606	0.13131	0.10101	0.11616	0.10606	0.10606	0.12626	0.10101	0.11111	0.16667	0.11616	0.12121	0.14141	0.10101	0.10606	0.11616	0.13131	0.11616	0.10606	0.10606	0.15657	0.12121	0.10606	0.11616	0.14646	0.11111	0.12626	0.14141	0.14141	0.10606	0.12121	0.12626	0.12626	0.10606	0.10606	0.11616	0.13131	0.10101	0.11616	0.10606	0.11111	0.10606	0.11111	0.12121	0.10606	0.14141
"CG"	0.13131	0	0.13131	0.07071	0.09091	0.07071	0.09091	0.11111	0.06061	0.12121	0.09091	0.0303	0.11111	0.0303	0.0404	0.11111	0.11111	0.05051	0.06061	0.10101	0.06061	0.09091	0.07071	0.10101	0.0101	0.0303	0.08081	0.0404	0.11111	0.0202	0.05051	0.11111	0.18182	0.12121	0.06061	0.16162	0.11111	0.13131	0.10101	0.12121	0.08081	0.0101	0.0404	0.06061	0.06061	0.07071	0.08081	0.06061	0.10101	0.08081	0.08081	0.06061	0.0101	0.0101	0.08081	0.06061	0.13131	0.0202	0.0404	0.0202	0.0101	0.0404	0.09091	0	0.09091	0.0101	0.12121	0.0101	0.09091	0	0.0303	0.0202	0.05051	0.05051	0	0.11111	0.09091	0	0.0202	0.09091	0	0.0303	0.0303	0.10101	0.0404	0.08081	0.0303	0.0303	0.07071	0.09091	0.0303	0.0303	0.11111	0.08081	0.0303	0.07071	0.12121	0	0.09091	0.12121	0.11111	0.10101	0.0202	0.06061	0.10101	0.07071	0.10101	0.0101	0.0303	0.08081	0	0.0101	0.15152	0.0101	0.11111	0.13131	0.0303	0.0303	0.0202	0.0303	0.0404	0.06061	0.05051	0.06061	0.10101	0.09091	0.07071	0.11111	0.11111	0.0404	0.09091	0.0202	0.0202	0.13131	0.09091	0.06061	0.19192	0.0404	0.08081	0.12121	0.10101	0.05051	0.05051	0.10101	0.09091	0.13131	0.0404	0.05051	0.10101	0.06061	0.0404	0.05051	0.13131	0.09091	0.05051	0.09091	0.05051	0.11111	0.0101	0.0202	0.10101	0.08081	0.07071	0.0303	0.08081	0.13131	0.0303	0.0303	0.0404	0.05051	0.11111	0.0101	0.0404	0.17172	0.0303	0.12121	0.0303	0.0303	0.12121	0	0.0404	0.0303	0.16162	0.07071	0.12121	0.10101	0.0303	0.14141	0	0.0404	0.0404	0.0404	0.05051	0.0404	0.0303	0.10101	0.0101	0.08081	0.06061	0.12121
"G"	0.38	0.26	0.345	0.285	0.325	0.3	0.305	0.34	0.285	0.345	0.335	0.28	0.325	0.24	0.275	0.325	0.34	0.235	0.3	0.31	0.34	0.305	0.29	0.335	0.275	0.26	0.335	0.295	0.335	0.285	0.285	0.295	0.37	0.345	0.27	0.375	0.34	0.325	0.325	0.325	0.35	0.275	0.31	0.285	0.31	0.33	0.345	0.26	0.31	0.335	0.315	0.295	0.27	0.28	0.315	0.29	0.35	0.285	0.245	0.28	0.24	0.285	0.29	0.315	0.33	0.255	0.34	0.26	0.32	0.225	0.275	0.25	0.27	0.315	0.265	0.335	0.305	0.24	0.28	0.34	0.235	0.26	0.3	0.335	0.225	0.305	0.275	0.26	0.29	0.295	0.285	0.29	0.33	0.315	0.24	0.295	0.35	0.245	0.275	0.355	0.36	0.315	0.27	0.315	0.325	0.295	0.325	0.23	0.265	0.285	0.265	0.275	0.35	0.265	0.33	0.335	0.265	0.285	0.285	0.29	0.305	0.27	0.285	0.27	0.345	0.325	0.29	0.335	0.33	0.285	0.295	0.275	0.27	0.345	0.315	0.34	0.385	0.3	0.315	0.335	0.3	0.34	0.295	0.32	0.32	0.37	0.24	0.335	0.32	0.295	0.34	0.28	0.335	0.335	0.275	0.33	0.275	0.33	0.29	0.235	0.355	0.305	0.32	0.27	0.33	0.35	0.29	0.265	0.285	0.27	0.34	0.28	0.275	0.375	0.305	0.33	0.285	0.265	0.355	0.275	0.29	0.28	0.385	0.29	0.33	0.325	0.29	0.355	0.235	0.28	0.295	0.25	0.255	0.31	0.245	0.305	0.245	0.33	0.29	0.345
"GA"	0.05556	0.08081	0.0303	0.07071	0.04545	0.05556	0.05051	0.06566	0.06566	0.05556	0.06061	0.0404	0.04545	0.06566	0.05051	0.06061	0.05556	0.03535	0.0303	0.04545	0.06061	0.06566	0.07576	0.08081	0.0404	0.07576	0.05556	0.0404	0.06566	0.0404	0.08081	0.07576	0.03535	0.06061	0.07071	0.0404	0.05556	0.06061	0.06061	0.03535	0.02525	0.06566	0.09091	0.08586	0.05556	0.05556	0.05556	0.05556	0.0404	0.06566	0.02525	0.06566	0.09091	0.07576	0.06566	0.07071	0.08081	0.05051	0.06061	0.06566	0.09596	0.0404	0.06566	0.08586	0.05556	0.06566	0.05556	0.09596	0.07071	0.06061	0.0404	0.05051	0.05556	0.08586	0.05051	0.05556	0.04545	0.04545	0.04545	0.06061	0.05051	0.05051	0.0303	0.06566	0.04545	0.07071	0.03535	0.0404	0.06061	0.07071	0.01515	0.05556	0.06061	0.05556	0.07576	0.05556	0.05556	0.06061	0.05051	0.0404	0.0404	0.06566	0.06566	0.05051	0.04545	0.06061	0.06566	0.06061	0.06061	0.0404	0.03535	0.10606	0.04545	0.07071	0.06061	0.05556	0.09091	0.05051	0.06566	0.04545	0.03535	0.05051	0.05556	0.05556	0.05556	0.04545	0.06566	0.06566	0.03535	0.04545	0.06061	0.08081	0.05051	0.08081	0.06061	0.05556	0.04545	0.08081	0.07576	0.06061	0.06566	0.03535	0.07576	0.06061	0.07071	0.0404	0.0404	0.03535	0.07071	0.05051	0.06061	0.0404	0.04545	0.06061	0.04545	0.05556	0.06061	0.05556	0.05556	0.0404	0.05556	0.05556	0.04545	0.0404	0.0303	0.06566	0.02525	0.06061	0.08081	0.03535	0.06566	0.04545	0.07576	0.06061	0.07576	0.06061	0.05556	0.07071	0.06566	0.06061	0.10606	0.05051	0.05556	0.05051	0.04545	0.06566	0.05556	0.05556	0.10101	0.10101	0.07071	0.06061	0.05051	0.0303	0.06566	0.08081	0.06566	0.06566	0.0404	0.06061
"GT"	0.04545	0.03535	0.07071	0.05051	0.03535	0.05556	0.09091	0.05556	0.04545	0.04545	0.08586	0.05556	0.07071	0.0404	0.05556	0.05051	0.0404	0.06061	0.07576	0.0202	0.0404	0.05556	0.05051	0.04545	0.07576	0.06566	0.08586	0.05556	0.05556	0.0101	0.03535	0.05051	0.0404	0.05556	0.06566	0.05051	0.05556	0.06061	0.05556	0.06566	0.05051	0.05051	0.03535	0.06061	0.0404	0.05051	0.03535	0.04545	0.0303	0.06061	0.05051	0.06061	0.04545	0.0404	0.05556	0.0404	0.06061	0.03535	0.06566	0.05556	0.03535	0.06566	0.05556	0.0202	0.07071	0.0404	0.05051	0.0202	0.06566	0.06061	0.04545	0.07071	0.06061	0.05051	0.08081	0.05556	0.06566	0.05556	0.08081	0.06061	0.04545	0.0404	0.06566	0.06566	0.04545	0.05556	0.07576	0.08586	0.06061	0.06566	0.06566	0.0404	0.06566	0.0404	0.03535	0.05556	0.06566	0.06566	0.06566	0.06566	0.05051	0.05051	0.07071	0.0202	0.05051	0.06061	0.06566	0.05051	0.06061	0.02525	0.06566	0.0404	0.05051	0.0303	0.03535	0.06566	0.04545	0.07576	0.03535	0.06566	0.07576	0.05051	0.04545	0.06566	0.05051	0.07071	0.06566	0.06566	0.05556	0.06061	0.07576	0.05556	0.04545	0.02525	0.06061	0.05556	0.0404	0.05556	0.03535	0.06566	0.07576	0.05051	0.05556	0.06566	0.07071	0.0303	0.02525	0.0303	0.05556	0.06566	0.04545	0.06566	0.05051	0.06566	0.07576	0.05556	0.06061	0.02525	0.06566	0.06061	0.07071	0.06061	0.05051	0.04545	0.0303	0.06061	0.04545	0.07576	0.06061	0.07071	0.04545	0.0404	0.05051	0.06566	0.03535	0.05051	0.0404	0.07071	0.04545	0.08081	0.03535	0.05051	0.05051	0.06566	0.05556	0.06061	0.08081	0.07576	0.0303	0.0404	0.06566	0.05051	0.06061	0.06061	0.0404	0.05556	0.0303	0.08081	0.0404	0.05051
"GC"	0.15152	0.0404	0.13131	0.06061	0.14141	0.07071	0.06061	0.09091	0.0404	0.12121	0.08081	0.06061	0.08081	0.0303	0.07071	0.09091	0.12121	0.0303	0.06061	0.13131	0.10101	0.07071	0.06061	0.08081	0.0404	0.0202	0.0202	0.09091	0.08081	0.10101	0.06061	0.06061	0.16162	0.10101	0.0303	0.17172	0.09091	0.10101	0.09091	0.12121	0.16162	0.05051	0.08081	0.0404	0.09091	0.11111	0.13131	0.05051	0.12121	0.08081	0.13131	0.0404	0.0101	0.0303	0.07071	0.07071	0.08081	0.06061	0.0101	0.05051	0.0101	0.08081	0.06061	0.11111	0.08081	0.05051	0.11111	0.0303	0.08081	0	0.05051	0.0303	0.05051	0.08081	0.0101	0.10101	0.09091	0.0101	0.0202	0.12121	0.0404	0.0404	0.08081	0.08081	0.0202	0.07071	0.05051	0.0303	0.07071	0.05051	0.09091	0.08081	0.09091	0.12121	0.0303	0.07071	0.12121	0.0101	0.06061	0.11111	0.12121	0.08081	0.0303	0.13131	0.12121	0.07071	0.09091	0.0101	0.0404	0.12121	0.0404	0.0101	0.13131	0.0404	0.13131	0.11111	0.0303	0.0202	0.07071	0.08081	0.06061	0.06061	0.07071	0.0404	0.11111	0.11111	0.06061	0.08081	0.14141	0.08081	0.06061	0.0303	0.06061	0.11111	0.08081	0.12121	0.20202	0.0303	0.10101	0.10101	0.05051	0.13131	0.06061	0.09091	0.06061	0.16162	0.07071	0.12121	0.06061	0.08081	0.05051	0.07071	0.12121	0.10101	0.05051	0.09091	0.05051	0.13131	0.06061	0.0303	0.10101	0.09091	0.11111	0.0202	0.15152	0.10101	0.08081	0.0303	0.0404	0.05051	0.09091	0.08081	0.0404	0.14141	0.0404	0.10101	0.08081	0.0101	0.10101	0.0202	0.0202	0.0404	0.14141	0.07071	0.11111	0.07071	0.0303	0.12121	0	0.0202	0.0303	0.0404	0.0303	0.11111	0.0303	0.06061	0.0404	0.06061	0.10101	0.09091
"GG"	0.13131	0.10101	0.11111	0.10606	0.10606	0.12121	0.10101	0.12626	0.13636	0.11616	0.10101	0.12626	0.12626	0.10606	0.10101	0.12121	0.12121	0.10606	0.13636	0.11111	0.14141	0.11616	0.10101	0.12626	0.12121	0.10101	0.17172	0.10606	0.13636	0.13636	0.11111	0.11111	0.13131	0.12626	0.10606	0.11111	0.13636	0.10101	0.12121	0.10606	0.11616	0.11111	0.10606	0.10101	0.12626	0.10606	0.12626	0.11111	0.11616	0.13131	0.10606	0.12626	0.11616	0.13131	0.12626	0.11111	0.12121	0.13636	0.10606	0.11111	0.10101	0.10101	0.10606	0.10101	0.12121	0.10101	0.12121	0.11616	0.10606	0.10606	0.13636	0.10101	0.10606	0.10101	0.11616	0.12121	0.10101	0.12626	0.13131	0.10101	0.10101	0.12626	0.12121	0.12626	0.11616	0.10606	0.10606	0.10101	0.10101	0.10606	0.11111	0.11111	0.11616	0.10101	0.10101	0.11111	0.11111	0.10101	0.10101	0.13636	0.14646	0.12121	0.10101	0.11616	0.11111	0.10606	0.10101	0.11111	0.10101	0.10101	0.12121	0.12121	0.12626	0.12626	0.10606	0.10606	0.10101	0.14141	0.11616	0.10101	0.13636	0.10606	0.11111	0.10101	0.13131	0.10101	0.10101	0.12626	0.10101	0.10101	0.10101	0.10606	0.11111	0.12626	0.11111	0.11111	0.10101	0.13636	0.10101	0.10101	0.10606	0.12626	0.10606	0.10606	0.12121	0.13131	0.10606	0.15152	0.13131	0.10101	0.18687	0.10606	0.12121	0.11111	0.10606	0.13131	0.10101	0.11616	0.10606	0.10606	0.12626	0.10101	0.11111	0.16667	0.11616	0.12121	0.14141	0.10101	0.10606	0.11616	0.13131	0.11616	0.10606	0.10606	0.15657	0.12121	0.10606	0.11616	0.14646	0.11111	0.12626	0.14141	0.14141	0.10606	0.12121	0.12626	0.12626	0.10606	0.10606	0.11616	0.13131	0.10101	0.11616	0.10606	0.11111	0.10606	0.11111	0.12121	0.10606	0.14141
