"Matrix"	"VDFJ01000200.1_14623"	"VDFJ01000101.1_25656"	"VDFJ01000004.1_8734"	"VDFJ01000080.1_41707"	"VDFJ01000054.1_10475"	"VDFJ01000037.1_19328"	"VDFJ01000101.1_16450"	"VDFJ01007352.1_75"	"VDFJ01000017.1_126990"	"VDFJ01000063.1_5322"	"VDFJ01000224.1_12997"	"VDFJ01009866.1_37"	"VDFJ01000098.1_19097"	"VDFJ01000116.1_15203"	"VDFJ01000099.1_21929"	"VDFJ01000016.1_75073"	"VDFJ01000070.1_5240"	"VDFJ01000299.1_5994"	"VDFJ01000041.1_2127"	"VDFJ01000050.1_32250"	"VDFJ01000310.1_4571"	"VDFJ01000150.1_1585"	"VDFJ01000068.1_5945"	"VDFJ01000022.1_13015"	"VDFJ01000022.1_7915"	"VDFJ01000101.1_7669"	"VDFJ01000095.1_2272"	"VDFJ01000004.1_58968"	"VDFJ01000023.1_40060"	"VDFJ01000061.1_42768"	"VDFJ01009176.1_48"	"VDFJ01000224.1_25059"	"VDFJ01000098.1_7230"	"VDFJ01000088.1_13080"	"VDFJ01008461.1_4"	"VDFJ01000004.1_42027"	"VDFJ01005334.1_16"	"VDFJ01000302.1_3191"	"VDFJ01004231.1_4"	"VDFJ01003061.1_19"	"VDFJ01005395.1_1122"	"VDFJ01000060.1_27115"	"VDFJ01002953.1_9"	"VDFJ01000020.1_35751"	"VDFJ01002373.1_16"	"VDFJ01000061.1_55074"	"VDFJ01000030.1_12935"	"VDFJ01000011.1_48087"	"VDFJ01000069.1_11965"	"VDFJ01000016.1_5738"	"VDFJ01000148.1_6818"	"VDFJ01000032.1_25345"	"VDFJ01000041.1_14320"	"VDFJ01000026.1_5556"	"VDFJ01000241.1_4196"	"VDFJ01000062.1_2732"	"VDFJ01000089.1_200"	"VDFJ01000081.1_30094"	"VDFJ01000071.1_13490"	"VDFJ01000061.1_57519"	"VDFJ01000077.1_3817"	"VDFJ01000048.1_70302"	"VDFJ01000039.1_9755"	"VDFJ01000070.1_27063"	"VDFJ01000011.1_68458"	"VDFJ01000095.1_19924"	"VDFJ01000130.1_6027"	"VDFJ01000025.1_5196"	"VDFJ01000081.1_30947"	"VDFJ01000018.1_15408"	"VDFJ01000017.1_24152"	"VDFJ01000062.1_4327"	"VDFJ01009226.1_52"	"VDFJ01000036.1_30526"	"VDFJ01000288.1_586"	"VDFJ01000227.1_2476"	"VDFJ01000022.1_48425"	"VDFJ01000033.1_71088"	"VDFJ01002636.1_34"	"VDFJ01000023.1_29656"	"VDFJ01000049.1_6073"	"VDFJ01000063.1_12441"	"VDFJ01000009.1_90362"	"VDFJ01000059.1_300"	"VDFJ01003256.1_7"	"VDFJ01000021.1_24101"	"VDFJ01000030.1_12618"	"VDFJ01000088.1_28921"	"VDFJ01000004.1_58868"	"VDFJ01000038.1_25186"	"VDFJ01000063.1_40427"	"VDFJ01000042.1_5183"	"VDFJ01008171.1_18"	"VDFJ01000226.1_1738"	"VDFJ01000020.1_29874"	"VDFJ01009404.1_12"	"VDFJ01000032.1_31019"	"VDFJ01008992.1_87"	"VDFJ01000103.1_8385"	"VDFJ01000039.1_47238"	"VDFJ01000080.1_3296"	"VDFJ01000327.1_3317"	"VDFJ01009700.1_7"	"VDFJ01000010.1_47736"	"VDFJ01000010.1_51498"	"VDFJ01000257.1_227"	"VDFJ01000052.1_3161"	"VDFJ01000004.1_107243"	"VDFJ01000016.1_106198"	"VDFJ01000081.1_7028"	"VDFJ01000023.1_31134"	"VDFJ01005456.1_8830"	"VDFJ01000071.1_9453"	"VDFJ01008339.1_6"	"VDFJ01000004.1_57197"	"VDFJ01000093.1_17136"	"VDFJ01000033.1_30434"	"VDFJ01000120.1_2414"	"VDFJ01000021.1_23756"	"VDFJ01000154.1_2703"	"VDFJ01000100.1_1700"	"VDFJ01000016.1_76161"	"VDFJ01000017.1_46286"	"VDFJ01000044.1_10961"	"VDFJ01000065.1_588"	"VDFJ01000062.1_9485"	"VDFJ01000223.1_6432"	"VDFJ01000061.1_2846"	"VDFJ01000200.1_4221"	"VDFJ01000060.1_20781"	"VDFJ01000101.1_25444"	"VDFJ01000115.1_7284"	"VDFJ01009909.1_35"	"VDFJ01005258.1_39"	"VDFJ01010134.1_115"	"VDFJ01000318.1_4453"	"VDFJ01000033.1_79667"	"VDFJ01000004.1_13178"	"VDFJ01000061.1_22033"	"VDFJ01000010.1_41016"	"VDFJ01007542.1_40"	"VDFJ01000010.1_31021"	"VDFJ01000039.1_16488"	"VDFJ01000004.1_30813"	"VDFJ01008685.1_5"	"VDFJ01000063.1_39578"	"VDFJ01000016.1_94462"	"VDFJ01000211.1_32249"	"VDFJ01000090.1_3714"	"VDFJ01000010.1_34985"	"VDFJ01000045.1_18075"	"VDFJ01000056.1_39382"	"VDFJ01000003.1_30249"	"VDFJ01008310.1_111"	"VDFJ01000003.1_15451"	"VDFJ01000043.1_19876"	"VDFJ01000997.1_45"	"VDFJ01000004.1_87500"	"VDFJ01005394.1_1867"	"VDFJ01000038.1_20621"	"VDFJ01000112.1_866"	"VDFJ01000234.1_384"	"VDFJ01000037.1_55143"	"VDFJ01000165.1_2836"	"VDFJ01000016.1_46371"	"VDFJ01006847.1_14"	"VDFJ01000042.1_1213"	"VDFJ01009258.1_156"	"VDFJ01000060.1_41130"	"VDFJ01000260.1_14403"	"VDFJ01000021.1_21827"	"VDFJ01000003.1_35365"	"VDFJ01006072.1_5"	"VDFJ01007938.1_28"	"VDFJ01000115.1_6563"	"VDFJ01000016.1_1768"	"VDFJ01000260.1_2702"	"VDFJ01004941.1_27"	"VDFJ01000022.1_3587"	"VDFJ01000056.1_45104"	"VDFJ01009993.1_87"	"VDFJ01000045.1_15846"	"VDFJ01000072.1_2776"	"VDFJ01000018.1_20359"	"VDFJ01009479.1_298"	"VDFJ01004513.1_41"	"VDFJ01009458.1_217"	"VDFJ01007592.1_53"	"VDFJ01000069.1_7608"	"VDFJ01000105.1_12362"	"VDFJ01000053.1_18395"	"VDFJ01000033.1_94512"	"VDFJ01000062.1_9531"	"VDFJ01000045.1_11054"	"VDFJ01000020.1_46926"	"VDFJ01000314.1_4268"	"VDFJ01000126.1_29"	"VDFJ01000019.1_5403"	"VDFJ01000055.1_30473"	"VDFJ01000102.1_1602"
"A"	0.18	0.13	0.22	0.15	0.16	0.19	0.215	0.185	0.185	0.18	0.215	0.165	0.15	0.185	0.15	0.14	0.235	0.185	0.23	0.19	0.125	0.11	0.18	0.205	0.16	0.21	0.17	0.155	0.17	0.195	0.165	0.165	0.22	0.195	0.205	0.2	0.125	0.2	0.2	0.165	0.205	0.17	0.17	0.255	0.19	0.23	0.225	0.21	0.23	0.19	0.165	0.165	0.17	0.13	0.2	0.165	0.195	0.23	0.125	0.175	0.155	0.19	0.195	0.19	0.205	0.195	0.175	0.215	0.22	0.17	0.165	0.18	0.165	0.15	0.24	0.185	0.175	0.17	0.155	0.19	0.195	0.19	0.215	0.185	0.18	0.2	0.21	0.19	0.155	0.2	0.19	0.2	0.15	0.23	0.14	0.195	0.165	0.145	0.165	0.18	0.18	0.09	0.17	0.15	0.16	0.21	0.235	0.14	0.2	0.23	0.23	0.18	0.19	0.185	0.2	0.195	0.215	0.205	0.195	0.255	0.18	0.17	0.225	0.21	0.185	0.21	0.19	0.205	0.19	0.215	0.19	0.185	0.245	0.15	0.155	0.18	0.215	0.205	0.225	0.17	0.21	0.21	0.17	0.2	0.22	0.155	0.155	0.2	0.175	0.19	0.225	0.19	0.21	0.14	0.135	0.225	0.215	0.225	0.165	0.23	0.15	0.13	0.185	0.205	0.2	0.2	0.175	0.25	0.185	0.215	0.23	0.175	0.14	0.21	0.2	0.195	0.215	0.175	0.265	0.17	0.135	0.155	0.195	0.21	0.205	0.15	0.21	0.18	0.225	0.24	0.16	0.135	0.19	0.165	0.21	0.17	0.145	0.25	0.19	0.16
"AA"	0.03535	0.00505	0.05051	0.01515	0.02525	0.07071	0.04545	0.0404	0.0303	0.0404	0.06566	0.0303	0.0101	0.0404	0.02525	0.0101	0.08586	0.0202	0.06061	0.0303	0.01515	0.0202	0.03535	0.05051	0.0202	0.03535	0.0202	0.02525	0.05051	0.0404	0.03535	0.01515	0.05051	0.03535	0.05051	0.05051	0.00505	0.06061	0.05051	0.0303	0.0202	0.02525	0.02525	0.07071	0.0404	0.06566	0.08081	0.04545	0.07576	0.0404	0.0202	0.0202	0.0404	0.0202	0.0404	0.0303	0.03535	0.07071	0.01515	0.0303	0.0202	0.0404	0.02525	0.06061	0.04545	0.03535	0.0202	0.03535	0.06061	0.0404	0.0202	0.0303	0.03535	0.01515	0.08081	0.03535	0.0404	0.03535	0.01515	0.05556	0.0404	0.05556	0.05556	0.01515	0.03535	0.05051	0.05556	0.02525	0.0303	0.06061	0.05556	0.02525	0.01515	0.05051	0.01515	0.05556	0.02525	0.02525	0.0101	0.0404	0.0303	0.00505	0.0303	0.0101	0.02525	0.0404	0.07576	0.0202	0.0404	0.07576	0.07576	0.0404	0.0404	0.0404	0.07071	0.0202	0.04545	0.05051	0.0404	0.06061	0.03535	0.03535	0.05556	0.05556	0.0202	0.05051	0.02525	0.0404	0.0404	0.05556	0.0202	0.0303	0.06566	0.0202	0.0202	0.0303	0.06061	0.0303	0.07071	0.0404	0.02525	0.07576	0.03535	0.02525	0.07071	0.0101	0.02525	0.05051	0.04545	0.05051	0.05556	0.05051	0.0404	0.0101	0.0101	0.07071	0.03535	0.07071	0.01515	0.08081	0.02525	0.0101	0.03535	0.05556	0.02525	0.05051	0.04545	0.08081	0.0404	0.07071	0.06566	0.05556	0.0303	0.0404	0.07071	0.02525	0.07071	0.01515	0.11616	0.06061	0.01515	0.06566	0.04545	0.04545	0.06061	0.02525	0.06061	0.03535	0.06061	0.09091	0.0101	0.00505	0.05556	0.0303	0.06566	0.0202	0.0303	0.04545	0.03535	0.01515
"AT"	0.0404	0.0101	0.0101	0.0202	0.0101	0.0404	0.05051	0.0303	0.05051	0.0202	0.0101	0.0303	0.0101	0.0404	0.0404	0.0202	0.0404	0.0202	0.06061	0.0303	0.0101	0.0101	0.0303	0.0101	0.0202	0.08081	0.05051	0.0303	0.0101	0.0202	0.0303	0.0101	0.0303	0.0303	0.0101	0.0202	0	0.0303	0	0.0404	0	0.0202	0.0202	0.09091	0.0101	0.0404	0.0101	0.05051	0.0404	0.0202	0.0202	0.0303	0.0202	0.0101	0.0101	0.0202	0.0404	0.0404	0.0303	0.0202	0.0202	0.0202	0.0303	0.0202	0.0404	0.0303	0.0404	0.0404	0.06061	0.0202	0	0.0303	0.0101	0.0202	0.06061	0.0202	0.0101	0.0202	0	0.0404	0.0303	0.0202	0.0303	0.0404	0.0303	0.0303	0.0404	0.05051	0.0101	0.0101	0.0202	0.0303	0.0101	0.0404	0	0.0404	0.0101	0.0101	0.0303	0.0101	0.0202	0	0	0.0202	0.0101	0.0303	0.0404	0.0202	0.05051	0.0303	0.0202	0.06061	0.0303	0.0404	0	0.0202	0.05051	0.05051	0.0202	0.05051	0.0101	0.0101	0.0404	0.05051	0	0.0303	0.0404	0.07071	0.07071	0.0404	0.0404	0.0404	0.07071	0.0202	0.0303	0.0202	0.0404	0.07071	0.0303	0.0202	0.0303	0.0202	0.0101	0.05051	0.05051	0.0101	0	0.0303	0.0101	0.0404	0.0303	0.0101	0.0303	0.0101	0.0404	0.0404	0.06061	0.0202	0.0101	0.05051	0.0101	0	0.0404	0.0404	0.05051	0.0101	0.0101	0.08081	0.0404	0.0303	0.0404	0.0101	0.0101	0.05051	0.05051	0.06061	0.0404	0.0101	0.0303	0.0303	0.0101	0	0.0202	0.06061	0.0101	0.0202	0.06061	0.0101	0.0303	0.06061	0.0303	0.0404	0	0.0101	0.0202	0	0.0202	0.11111	0.0101	0.0303
"AC"	0.03535	0.03535	0.08586	0.05051	0.06061	0.02525	0.02525	0.06061	0.0404	0.05051	0.08081	0.03535	0.05051	0.05051	0.04545	0.06061	0.05556	0.03535	0.05556	0.06566	0.04545	0.0404	0.0303	0.04545	0.04545	0.05051	0.04545	0.0101	0.04545	0.03535	0.0404	0.06566	0.06566	0.04545	0.08081	0.08081	0.06061	0.05556	0.06566	0.05051	0.05051	0.01515	0.06566	0.03535	0.06566	0.08081	0.05051	0.04545	0.07576	0.03535	0.07071	0.0404	0.0404	0.0404	0.07071	0.03535	0.04545	0.0404	0.0404	0.05051	0.05051	0.05051	0.06061	0.05051	0.05556	0.06566	0.0303	0.08081	0.05051	0.05556	0.05051	0.05556	0.0404	0.06061	0.05051	0.07071	0.06566	0.06061	0.07071	0.05556	0.06566	0.0404	0.05556	0.06566	0.0404	0.05556	0.06566	0.0404	0.04545	0.06061	0.05556	0.05051	0.05051	0.06061	0.05556	0.0404	0.06566	0.05051	0.04545	0.05051	0.05051	0.0404	0.05051	0.05051	0.05556	0.03535	0.05051	0.05051	0.0202	0.06061	0.02525	0.03535	0.05556	0.0404	0.06566	0.07071	0.05051	0.0303	0.05051	0.09091	0.07071	0.07576	0.07576	0.03535	0.08081	0.06566	0.06566	0.04545	0.02525	0.07576	0.08586	0.04545	0.05556	0.0404	0.06061	0.07071	0.04545	0.0303	0.04545	0.06061	0.06566	0.06061	0.05051	0.06566	0.06061	0.03535	0.03535	0.07071	0.0202	0.05051	0.06566	0.08586	0.10101	0.03535	0.0404	0.0404	0.05051	0.04545	0.06566	0.03535	0.02525	0.05051	0.04545	0.06061	0.0404	0.06061	0.0404	0.03535	0.05051	0.05051	0.03535	0.04545	0.03535	0.06566	0.0303	0.07576	0.06061	0.05556	0.0404	0.0303	0.05556	0.0404	0.07071	0.0404	0.07576	0.05051	0.05556	0.07071	0.07576	0.02525	0.02525	0.06061	0.07071	0.05556	0.0404	0.0404	0.07071	0.04545	0.07071	0.0303
"AG"	0.07071	0.07576	0.07071	0.06566	0.06566	0.05556	0.09596	0.05556	0.06566	0.06566	0.06061	0.07071	0.07576	0.05051	0.0404	0.04545	0.05556	0.11111	0.05556	0.06566	0.05051	0.0404	0.08586	0.09091	0.07576	0.04545	0.05051	0.09091	0.06566	0.09596	0.05556	0.07576	0.07576	0.08586	0.06566	0.04545	0.06061	0.05556	0.08586	0.04545	0.13636	0.11111	0.06061	0.05556	0.07071	0.0404	0.08586	0.06566	0.0404	0.09091	0.05556	0.07576	0.07071	0.06061	0.07576	0.07576	0.07576	0.08081	0.0404	0.07071	0.06061	0.08081	0.08081	0.06061	0.06061	0.06566	0.08586	0.05556	0.05051	0.05556	0.09091	0.06566	0.07576	0.05051	0.04545	0.05556	0.06061	0.05556	0.06566	0.0404	0.05556	0.07576	0.07576	0.06566	0.07071	0.06566	0.05051	0.07071	0.07071	0.07071	0.06061	0.08586	0.07576	0.07071	0.07071	0.05556	0.06566	0.06061	0.07576	0.08081	0.07576	0.04545	0.08081	0.07071	0.07071	0.10606	0.07071	0.05051	0.09091	0.06061	0.11111	0.04545	0.06566	0.06061	0.06061	0.08586	0.07071	0.07576	0.08081	0.05051	0.06566	0.04545	0.05556	0.07071	0.08586	0.06061	0.06061	0.04545	0.05556	0.04545	0.04545	0.07071	0.05051	0.07071	0.04545	0.06061	0.07071	0.07576	0.07576	0.05051	0.08586	0.05051	0.07071	0.06061	0.03535	0.10101	0.09596	0.05051	0.09596	0.04545	0.07576	0.0404	0.0404	0.08586	0.04545	0.06566	0.07071	0.09091	0.07576	0.06566	0.09091	0.07071	0.06566	0.05051	0.08586	0.08081	0.08081	0.05556	0.05556	0.06566	0.08081	0.06566	0.06061	0.05556	0.04545	0.0303	0.04545	0.09596	0.07071	0.04545	0.05556	0.04545	0.06061	0.06566	0.06061	0.05556	0.03535	0.06566	0.05556	0.06566	0.09596	0.0303	0.06061	0.07071	0.08586	0.11111	0.02525	0.05051	0.07576	0.08081
"T"	0.18	0.13	0.22	0.15	0.16	0.19	0.215	0.185	0.185	0.18	0.215	0.165	0.15	0.185	0.15	0.14	0.235	0.185	0.23	0.19	0.125	0.11	0.18	0.205	0.16	0.21	0.17	0.155	0.17	0.195	0.165	0.165	0.22	0.195	0.205	0.2	0.125	0.2	0.2	0.165	0.205	0.17	0.17	0.255	0.19	0.23	0.225	0.21	0.23	0.19	0.165	0.165	0.17	0.13	0.2	0.165	0.195	0.23	0.125	0.175	0.155	0.19	0.195	0.19	0.205	0.195	0.175	0.215	0.22	0.17	0.165	0.18	0.165	0.15	0.24	0.185	0.175	0.17	0.155	0.19	0.195	0.19	0.215	0.185	0.18	0.2	0.21	0.19	0.155	0.2	0.19	0.2	0.15	0.23	0.14	0.195	0.165	0.145	0.165	0.18	0.18	0.09	0.17	0.15	0.16	0.21	0.235	0.14	0.2	0.23	0.23	0.18	0.19	0.185	0.2	0.195	0.215	0.205	0.195	0.255	0.18	0.17	0.225	0.21	0.185	0.21	0.19	0.205	0.19	0.215	0.19	0.185	0.245	0.15	0.155	0.18	0.215	0.205	0.225	0.17	0.21	0.21	0.17	0.2	0.22	0.155	0.155	0.2	0.175	0.19	0.225	0.19	0.21	0.14	0.135	0.225	0.215	0.225	0.165	0.23	0.15	0.13	0.185	0.205	0.2	0.2	0.175	0.25	0.185	0.215	0.23	0.175	0.14	0.21	0.2	0.195	0.215	0.175	0.265	0.17	0.135	0.155	0.195	0.21	0.205	0.15	0.21	0.18	0.225	0.24	0.16	0.135	0.19	0.165	0.21	0.17	0.145	0.25	0.19	0.16
"TA"	0.0303	0.0101	0.0303	0.0202	0.0202	0.0101	0.08081	0.0101	0.0101	0.0101	0.0202	0.0202	0.0101	0.0303	0.0101	0.0101	0.0404	0.0303	0.0404	0.0101	0	0	0	0.0202	0.0202	0.0303	0.0202	0.0303	0.0101	0.0202	0	0.0202	0.0303	0.0303	0	0.0404	0.0202	0	0.0202	0	0.0101	0	0.0202	0.06061	0.0303	0.07071	0.0303	0.0202	0.05051	0.0202	0.0101	0.0202	0.0303	0	0.05051	0	0.0101	0.05051	0.0101	0.0202	0.0101	0.0202	0.06061	0.0101	0.0303	0.0202	0.0202	0.0303	0.0202	0	0.0404	0	0.0101	0.0101	0.06061	0.0303	0.0202	0.0101	0.0101	0.0303	0.0303	0.0101	0.0101	0.0303	0.0101	0	0.0303	0.0303	0.0202	0.0101	0.0303	0.05051	0	0.0303	0	0.0404	0.0101	0	0.0303	0.0303	0.0303	0	0.0303	0.0303	0.0101	0.05051	0.0202	0	0.0101	0.0101	0.0202	0.0202	0.0101	0.0202	0.0101	0.0303	0.0101	0.0101	0.0303	0.09091	0.0101	0	0.06061	0.0202	0.0202	0.0101	0.0404	0.0303	0.0101	0.0404	0.06061	0	0.0303	0.0101	0	0.0101	0.0303	0.05051	0.05051	0	0.0303	0.0202	0.0303	0.0101	0.0404	0.0101	0.0101	0	0	0.0101	0.0404	0.0404	0.0202	0	0.0202	0.0202	0.0101	0	0.0303	0	0.0101	0.0101	0	0.0202	0.0202	0.0101	0.0101	0.0404	0.0303	0.0101	0.0404	0.0101	0.0101	0.0303	0.0404	0.0101	0.0202	0	0.0303	0.0101	0.0202	0	0.0202	0.0404	0.0303	0.0101	0.05051	0.0202	0.0404	0.0303	0.0303	0.0202	0	0	0	0.0101	0	0.08081	0.0404	0
"TT"	0.03535	0.00505	0.05051	0.01515	0.02525	0.07071	0.04545	0.0404	0.0303	0.0404	0.06566	0.0303	0.0101	0.0404	0.02525	0.0101	0.08586	0.0202	0.06061	0.0303	0.01515	0.0202	0.03535	0.05051	0.0202	0.03535	0.0202	0.02525	0.05051	0.0404	0.03535	0.01515	0.05051	0.03535	0.05051	0.05051	0.00505	0.06061	0.05051	0.0303	0.0202	0.02525	0.02525	0.07071	0.0404	0.06566	0.08081	0.04545	0.07576	0.0404	0.0202	0.0202	0.0404	0.0202	0.0404	0.0303	0.03535	0.07071	0.01515	0.0303	0.0202	0.0404	0.02525	0.06061	0.04545	0.03535	0.0202	0.03535	0.06061	0.0404	0.0202	0.0303	0.03535	0.01515	0.08081	0.03535	0.0404	0.03535	0.01515	0.05556	0.0404	0.05556	0.05556	0.01515	0.03535	0.05051	0.05556	0.02525	0.0303	0.06061	0.05556	0.02525	0.01515	0.05051	0.01515	0.05556	0.02525	0.02525	0.0101	0.0404	0.0303	0.00505	0.0303	0.0101	0.02525	0.0404	0.07576	0.0202	0.0404	0.07576	0.07576	0.0404	0.0404	0.0404	0.07071	0.0202	0.04545	0.05051	0.0404	0.06061	0.03535	0.03535	0.05556	0.05556	0.0202	0.05051	0.02525	0.0404	0.0404	0.05556	0.0202	0.0303	0.06566	0.0202	0.0202	0.0303	0.06061	0.0303	0.07071	0.0404	0.02525	0.07576	0.03535	0.02525	0.07071	0.0101	0.02525	0.05051	0.04545	0.05051	0.05556	0.05051	0.0404	0.0101	0.0101	0.07071	0.03535	0.07071	0.01515	0.08081	0.02525	0.0101	0.03535	0.05556	0.02525	0.05051	0.04545	0.08081	0.0404	0.07071	0.06566	0.05556	0.0303	0.0404	0.07071	0.02525	0.07071	0.01515	0.11616	0.06061	0.01515	0.06566	0.04545	0.04545	0.06061	0.02525	0.06061	0.03535	0.06061	0.09091	0.0101	0.00505	0.05556	0.0303	0.06566	0.0202	0.0303	0.04545	0.03535	0.01515
"TC"	0.0404	0.06061	0.07576	0.05051	0.05556	0.06061	0.0404	0.06566	0.04545	0.03535	0.07576	0.04545	0.06061	0.04545	0.06061	0.04545	0.05051	0.08586	0.0404	0.07576	0.03535	0.05051	0.08586	0.07071	0.06061	0.06566	0.06061	0.07576	0.05051	0.08081	0.06061	0.04545	0.08081	0.05556	0.08586	0.05556	0.05556	0.04545	0.05556	0.08081	0.12626	0.10101	0.05051	0.07071	0.06061	0.02525	0.04545	0.07576	0.05051	0.06061	0.06566	0.06061	0.05051	0.07071	0.05556	0.08081	0.07071	0.06566	0.05556	0.05556	0.06566	0.06566	0.05051	0.08081	0.05556	0.0404	0.08586	0.05051	0.05556	0.06566	0.05556	0.07576	0.07071	0.06061	0.05051	0.06061	0.05051	0.07576	0.0404	0.06566	0.07071	0.05556	0.06061	0.06566	0.06061	0.08586	0.05051	0.05556	0.07071	0.08081	0.05051	0.08081	0.09596	0.06566	0.06566	0.06566	0.06061	0.05051	0.06566	0.04545	0.04545	0.05556	0.05556	0.07576	0.05051	0.04545	0.05051	0.06566	0.10606	0.06566	0.09091	0.05556	0.0303	0.06061	0.04545	0.07576	0.05051	0.09596	0.07576	0.03535	0.06566	0.04545	0.04545	0.04545	0.05556	0.07071	0.05556	0.05556	0.07576	0.0303	0.04545	0.07576	0.08081	0.06566	0.06566	0.05556	0.05051	0.05556	0.05051	0.06061	0.06566	0.06566	0.06061	0.06566	0.04545	0.06566	0.09091	0.06061	0.08081	0.05051	0.06566	0.04545	0.03535	0.05556	0.07071	0.05556	0.08586	0.09596	0.08081	0.09596	0.08081	0.07071	0.06061	0.0303	0.09091	0.08081	0.04545	0.08586	0.05051	0.05051	0.09596	0.06566	0.06566	0.06566	0.0303	0.05556	0.05556	0.09596	0.08586	0.04545	0.0303	0.05051	0.06061	0.06061	0.08081	0.05051	0.03535	0.0404	0.04545	0.06061	0.05556	0.0303	0.06061	0.06566	0.07576	0.06566	0.06566	0.05556	0.06566	0.10606
"TG"	0.07071	0.05051	0.06566	0.06566	0.05556	0.04545	0.04545	0.06566	0.10101	0.09091	0.05556	0.07071	0.07071	0.06566	0.05556	0.07576	0.05556	0.05051	0.09091	0.07071	0.07576	0.0404	0.06061	0.06566	0.05051	0.07576	0.07071	0.01515	0.06061	0.05556	0.07071	0.08081	0.05556	0.07071	0.06566	0.05556	0.0404	0.08586	0.07576	0.05556	0.05051	0.0404	0.07576	0.05051	0.06061	0.06566	0.06566	0.07071	0.05556	0.07071	0.07071	0.06061	0.05051	0.0404	0.05556	0.05556	0.08081	0.04545	0.04545	0.07071	0.06061	0.06566	0.06061	0.0404	0.07576	0.10101	0.04545	0.09596	0.08081	0.06566	0.04545	0.06566	0.04545	0.06566	0.05051	0.06061	0.06566	0.04545	0.09091	0.03535	0.05556	0.06566	0.08586	0.07071	0.07576	0.06061	0.07576	0.08081	0.03535	0.05051	0.05051	0.04545	0.03535	0.08586	0.06061	0.03535	0.06566	0.07071	0.05556	0.06566	0.07576	0.0303	0.05556	0.03535	0.07576	0.07071	0.09091	0.05051	0.04545	0.08081	0.0404	0.06061	0.11111	0.06566	0.07576	0.06566	0.10101	0.04545	0.05051	0.07071	0.07071	0.09091	0.06566	0.08586	0.08586	0.08081	0.06566	0.07576	0.06566	0.09091	0.06566	0.08081	0.07071	0.05051	0.07071	0.08586	0.07071	0.07071	0.05556	0.06566	0.08586	0.05051	0.04545	0.09091	0.06566	0.06566	0.0303	0.08586	0.05051	0.07576	0.05556	0.05051	0.11111	0.06566	0.03535	0.08081	0.08586	0.05556	0.03535	0.05556	0.03535	0.03535	0.09091	0.09596	0.06566	0.05556	0.06566	0.0404	0.06566	0.08586	0.0303	0.04545	0.03535	0.07071	0.05556	0.10101	0.06566	0.06061	0.03535	0.05556	0.07071	0.0404	0.06566	0.06061	0.03535	0.05556	0.06566	0.08081	0.08081	0.06061	0.06566	0.08081	0.07576	0.06566	0.07071	0.07071	0.05051	0.07071	0.05051	0.0404
"C"	0.32	0.37	0.28	0.35	0.34	0.31	0.285	0.315	0.315	0.32	0.285	0.335	0.35	0.315	0.35	0.36	0.265	0.315	0.27	0.31	0.375	0.39	0.32	0.295	0.34	0.29	0.33	0.345	0.33	0.305	0.335	0.335	0.28	0.305	0.295	0.3	0.375	0.3	0.3	0.335	0.295	0.33	0.33	0.245	0.31	0.27	0.275	0.29	0.27	0.31	0.335	0.335	0.33	0.37	0.3	0.335	0.305	0.27	0.375	0.325	0.345	0.31	0.305	0.31	0.295	0.305	0.325	0.285	0.28	0.33	0.335	0.32	0.335	0.35	0.26	0.315	0.325	0.33	0.345	0.31	0.305	0.31	0.285	0.315	0.32	0.3	0.29	0.31	0.345	0.3	0.31	0.3	0.35	0.27	0.36	0.305	0.335	0.355	0.335	0.32	0.32	0.41	0.33	0.35	0.34	0.29	0.265	0.36	0.3	0.27	0.27	0.32	0.31	0.315	0.3	0.305	0.285	0.295	0.305	0.245	0.32	0.33	0.275	0.29	0.315	0.29	0.31	0.295	0.31	0.285	0.31	0.315	0.255	0.35	0.345	0.32	0.285	0.295	0.275	0.33	0.29	0.29	0.33	0.3	0.28	0.345	0.345	0.3	0.325	0.31	0.275	0.31	0.29	0.36	0.365	0.275	0.285	0.275	0.335	0.27	0.35	0.37	0.315	0.295	0.3	0.3	0.325	0.25	0.315	0.285	0.27	0.325	0.36	0.29	0.3	0.305	0.285	0.325	0.235	0.33	0.365	0.345	0.305	0.29	0.295	0.35	0.29	0.32	0.275	0.26	0.34	0.365	0.31	0.335	0.29	0.33	0.355	0.25	0.31	0.34
"CA"	0.07071	0.05051	0.06566	0.06566	0.05556	0.04545	0.04545	0.06566	0.10101	0.09091	0.05556	0.07071	0.07071	0.06566	0.05556	0.07576	0.05556	0.05051	0.09091	0.07071	0.07576	0.0404	0.06061	0.06566	0.05051	0.07576	0.07071	0.01515	0.06061	0.05556	0.07071	0.08081	0.05556	0.07071	0.06566	0.05556	0.0404	0.08586	0.07576	0.05556	0.05051	0.0404	0.07576	0.05051	0.06061	0.06566	0.06566	0.07071	0.05556	0.07071	0.07071	0.06061	0.05051	0.0404	0.05556	0.05556	0.08081	0.04545	0.04545	0.07071	0.06061	0.06566	0.06061	0.0404	0.07576	0.10101	0.04545	0.09596	0.08081	0.06566	0.04545	0.06566	0.04545	0.06566	0.05051	0.06061	0.06566	0.04545	0.09091	0.03535	0.05556	0.06566	0.08586	0.07071	0.07576	0.06061	0.07576	0.08081	0.03535	0.05051	0.05051	0.04545	0.03535	0.08586	0.06061	0.03535	0.06566	0.07071	0.05556	0.06566	0.07576	0.0303	0.05556	0.03535	0.07576	0.07071	0.09091	0.05051	0.04545	0.08081	0.0404	0.06061	0.11111	0.06566	0.07576	0.06566	0.10101	0.04545	0.05051	0.07071	0.07071	0.09091	0.06566	0.08586	0.08586	0.08081	0.06566	0.07576	0.06566	0.09091	0.06566	0.08081	0.07071	0.05051	0.07071	0.08586	0.07071	0.07071	0.05556	0.06566	0.08586	0.05051	0.04545	0.09091	0.06566	0.06566	0.0303	0.08586	0.05051	0.07576	0.05556	0.05051	0.11111	0.06566	0.03535	0.08081	0.08586	0.05556	0.03535	0.05556	0.03535	0.03535	0.09091	0.09596	0.06566	0.05556	0.06566	0.0404	0.06566	0.08586	0.0303	0.04545	0.03535	0.07071	0.05556	0.10101	0.06566	0.06061	0.03535	0.05556	0.07071	0.0404	0.06566	0.06061	0.03535	0.05556	0.06566	0.08081	0.08081	0.06061	0.06566	0.08081	0.07576	0.06566	0.07071	0.07071	0.05051	0.07071	0.05051	0.0404
"CT"	0.07071	0.07576	0.07071	0.06566	0.06566	0.05556	0.09596	0.05556	0.06566	0.06566	0.06061	0.07071	0.07576	0.05051	0.0404	0.04545	0.05556	0.11111	0.05556	0.06566	0.05051	0.0404	0.08586	0.09091	0.07576	0.04545	0.05051	0.09091	0.06566	0.09596	0.05556	0.07576	0.07576	0.08586	0.06566	0.04545	0.06061	0.05556	0.08586	0.04545	0.13636	0.11111	0.06061	0.05556	0.07071	0.0404	0.08586	0.06566	0.0404	0.09091	0.05556	0.07576	0.07071	0.06061	0.07576	0.07576	0.07576	0.08081	0.0404	0.07071	0.06061	0.08081	0.08081	0.06061	0.06061	0.06566	0.08586	0.05556	0.05051	0.05556	0.09091	0.06566	0.07576	0.05051	0.04545	0.05556	0.06061	0.05556	0.06566	0.0404	0.05556	0.07576	0.07576	0.06566	0.07071	0.06566	0.05051	0.07071	0.07071	0.07071	0.06061	0.08586	0.07576	0.07071	0.07071	0.05556	0.06566	0.06061	0.07576	0.08081	0.07576	0.04545	0.08081	0.07071	0.07071	0.10606	0.07071	0.05051	0.09091	0.06061	0.11111	0.04545	0.06566	0.06061	0.06061	0.08586	0.07071	0.07576	0.08081	0.05051	0.06566	0.04545	0.05556	0.07071	0.08586	0.06061	0.06061	0.04545	0.05556	0.04545	0.04545	0.07071	0.05051	0.07071	0.04545	0.06061	0.07071	0.07576	0.07576	0.05051	0.08586	0.05051	0.07071	0.06061	0.03535	0.10101	0.09596	0.05051	0.09596	0.04545	0.07576	0.0404	0.0404	0.08586	0.04545	0.06566	0.07071	0.09091	0.07576	0.06566	0.09091	0.07071	0.06566	0.05051	0.08586	0.08081	0.08081	0.05556	0.05556	0.06566	0.08081	0.06566	0.06061	0.05556	0.04545	0.0303	0.04545	0.09596	0.07071	0.04545	0.05556	0.04545	0.06061	0.06566	0.06061	0.05556	0.03535	0.06566	0.05556	0.06566	0.09596	0.0303	0.06061	0.07071	0.08586	0.11111	0.02525	0.05051	0.07576	0.08081
"CC"	0.11616	0.13636	0.12121	0.12626	0.12121	0.16667	0.14646	0.12121	0.10606	0.13636	0.11111	0.16667	0.12121	0.13131	0.14646	0.15152	0.12121	0.11616	0.11616	0.12121	0.20707	0.14646	0.10101	0.12121	0.12626	0.11111	0.12626	0.19192	0.15152	0.12121	0.14646	0.13636	0.10101	0.11111	0.10101	0.11111	0.11111	0.14141	0.10101	0.10101	0.11111	0.14141	0.12626	0.10101	0.12121	0.11616	0.10101	0.11111	0.11111	0.10101	0.15152	0.13636	0.11616	0.17677	0.13131	0.13636	0.12626	0.10101	0.12121	0.10606	0.12626	0.10101	0.15152	0.12626	0.11616	0.11111	0.12626	0.11616	0.12121	0.10606	0.16162	0.15152	0.11616	0.10606	0.12121	0.11616	0.12121	0.10606	0.14141	0.11616	0.10101	0.10101	0.10101	0.11111	0.13636	0.11616	0.14646	0.10606	0.11616	0.13131	0.12626	0.13131	0.11616	0.10606	0.12121	0.10101	0.12121	0.11111	0.13636	0.12626	0.13131	0.17677	0.13636	0.11616	0.13636	0.10606	0.10101	0.16162	0.12626	0.10101	0.10606	0.11111	0.11111	0.13636	0.10101	0.13131	0.10606	0.15152	0.11111	0.10101	0.12121	0.12121	0.10606	0.10606	0.10606	0.10101	0.12121	0.13636	0.11616	0.12626	0.10606	0.12121	0.11111	0.15152	0.16162	0.10606	0.10101	0.14141	0.10101	0.12121	0.10101	0.11616	0.10606	0.12121	0.11616	0.15152	0.15152	0.11616	0.15152	0.10101	0.10606	0.10101	0.11111	0.13131	0.12626	0.11111	0.10606	0.11111	0.10101	0.11111	0.13636	0.19697	0.11616	0.10101	0.11111	0.11616	0.14141	0.11111	0.12121	0.10606	0.10101	0.18182	0.14141	0.11111	0.11111	0.10606	0.12121	0.10606	0.11111	0.21717	0.12626	0.14646	0.13131	0.14646	0.10101	0.14141	0.10101	0.10606	0.10606	0.10606	0.10101	0.15152	0.10606	0.11616	0.10606	0.10606	0.11111	0.11616	0.11111	0.11616
"CG"	0.06061	0.11111	0.0202	0.09091	0.10101	0.0404	0	0.07071	0.0404	0.0303	0.05051	0.0303	0.08081	0.07071	0.11111	0.09091	0.0303	0.0404	0.0101	0.05051	0.0404	0.16162	0.07071	0.0202	0.09091	0.06061	0.08081	0.05051	0.05051	0.0303	0.06061	0.0404	0.05051	0.0404	0.06061	0.09091	0.16162	0.0202	0.0303	0.13131	0	0.0404	0.06061	0.0404	0.06061	0.05051	0.0202	0.0404	0.06061	0.05051	0.05051	0.06061	0.09091	0.09091	0.0404	0.07071	0.0202	0.0404	0.17172	0.08081	0.10101	0.06061	0.0101	0.08081	0.0404	0.0202	0.07071	0.0202	0.0303	0.10101	0.0404	0.0404	0.10101	0.13131	0.0404	0.08081	0.07071	0.12121	0.05051	0.12121	0.09091	0.07071	0.0202	0.07071	0.0404	0.06061	0.0202	0.05051	0.12121	0.0404	0.07071	0.0404	0.12121	0.0101	0.11111	0.11111	0.08081	0.11111	0.07071	0.05051	0.0404	0.16162	0.06061	0.13131	0.05051	0.0101	0	0.10101	0.0303	0.0303	0.0101	0.10101	0.0202	0.05051	0.06061	0.0202	0.0101	0.0202	0.06061	0.0202	0.06061	0.07071	0.0404	0.0303	0.0404	0.05051	0.06061	0.0404	0.07071	0.0202	0.09091	0.0404	0.0202	0.08081	0.06061	0.06061	0.0404	0.0101	0.0404	0.09091	0.0202	0.07071	0.11111	0.0303	0.06061	0.0303	0.07071	0.05051	0.0303	0.09091	0.0404	0.12121	0.0303	0.08081	0.16162	0.0202	0.0202	0.0202	0.12121	0.0303	0.09091	0.07071	0.0404	0.05051	0.0404	0.05051	0.0404	0.0404	0.07071	0.0303	0.06061	0.0303	0.12121	0.05051	0.09091	0.07071	0.05051	0.06061	0.0202	0.0101	0.11111	0.11111	0.05051	0.0202	0.09091	0.10101	0.09091	0.07071	0.0303	0.0303	0.08081	0.10101	0.07071	0.08081	0.0202	0.0404	0.16162	0.0101	0.07071	0.10101
"G"	0.32	0.37	0.28	0.35	0.34	0.31	0.285	0.315	0.315	0.32	0.285	0.335	0.35	0.315	0.35	0.36	0.265	0.315	0.27	0.31	0.375	0.39	0.32	0.295	0.34	0.29	0.33	0.345	0.33	0.305	0.335	0.335	0.28	0.305	0.295	0.3	0.375	0.3	0.3	0.335	0.295	0.33	0.33	0.245	0.31	0.27	0.275	0.29	0.27	0.31	0.335	0.335	0.33	0.37	0.3	0.335	0.305	0.27	0.375	0.325	0.345	0.31	0.305	0.31	0.295	0.305	0.325	0.285	0.28	0.33	0.335	0.32	0.335	0.35	0.26	0.315	0.325	0.33	0.345	0.31	0.305	0.31	0.285	0.315	0.32	0.3	0.29	0.31	0.345	0.3	0.31	0.3	0.35	0.27	0.36	0.305	0.335	0.355	0.335	0.32	0.32	0.41	0.33	0.35	0.34	0.29	0.265	0.36	0.3	0.27	0.27	0.32	0.31	0.315	0.3	0.305	0.285	0.295	0.305	0.245	0.32	0.33	0.275	0.29	0.315	0.29	0.31	0.295	0.31	0.285	0.31	0.315	0.255	0.35	0.345	0.32	0.285	0.295	0.275	0.33	0.29	0.29	0.33	0.3	0.28	0.345	0.345	0.3	0.325	0.31	0.275	0.31	0.29	0.36	0.365	0.275	0.285	0.275	0.335	0.27	0.35	0.37	0.315	0.295	0.3	0.3	0.325	0.25	0.315	0.285	0.27	0.325	0.36	0.29	0.3	0.305	0.285	0.325	0.235	0.33	0.365	0.345	0.305	0.29	0.295	0.35	0.29	0.32	0.275	0.26	0.34	0.365	0.31	0.335	0.29	0.33	0.355	0.25	0.31	0.34
"GA"	0.0404	0.06061	0.07576	0.05051	0.05556	0.06061	0.0404	0.06566	0.04545	0.03535	0.07576	0.04545	0.06061	0.04545	0.06061	0.04545	0.05051	0.08586	0.0404	0.07576	0.03535	0.05051	0.08586	0.07071	0.06061	0.06566	0.06061	0.07576	0.05051	0.08081	0.06061	0.04545	0.08081	0.05556	0.08586	0.05556	0.05556	0.04545	0.05556	0.08081	0.12626	0.10101	0.05051	0.07071	0.06061	0.02525	0.04545	0.07576	0.05051	0.06061	0.06566	0.06061	0.05051	0.07071	0.05556	0.08081	0.07071	0.06566	0.05556	0.05556	0.06566	0.06566	0.05051	0.08081	0.05556	0.0404	0.08586	0.05051	0.05556	0.06566	0.05556	0.07576	0.07071	0.06061	0.05051	0.06061	0.05051	0.07576	0.0404	0.06566	0.07071	0.05556	0.06061	0.06566	0.06061	0.08586	0.05051	0.05556	0.07071	0.08081	0.05051	0.08081	0.09596	0.06566	0.06566	0.06566	0.06061	0.05051	0.06566	0.04545	0.04545	0.05556	0.05556	0.07576	0.05051	0.04545	0.05051	0.06566	0.10606	0.06566	0.09091	0.05556	0.0303	0.06061	0.04545	0.07576	0.05051	0.09596	0.07576	0.03535	0.06566	0.04545	0.04545	0.04545	0.05556	0.07071	0.05556	0.05556	0.07576	0.0303	0.04545	0.07576	0.08081	0.06566	0.06566	0.05556	0.05051	0.05556	0.05051	0.06061	0.06566	0.06566	0.06061	0.06566	0.04545	0.06566	0.09091	0.06061	0.08081	0.05051	0.06566	0.04545	0.03535	0.05556	0.07071	0.05556	0.08586	0.09596	0.08081	0.09596	0.08081	0.07071	0.06061	0.0303	0.09091	0.08081	0.04545	0.08586	0.05051	0.05051	0.09596	0.06566	0.06566	0.06566	0.0303	0.05556	0.05556	0.09596	0.08586	0.04545	0.0303	0.05051	0.06061	0.06061	0.08081	0.05051	0.03535	0.0404	0.04545	0.06061	0.05556	0.0303	0.06061	0.06566	0.07576	0.06566	0.06566	0.05556	0.06566	0.10606
"GT"	0.03535	0.03535	0.08586	0.05051	0.06061	0.02525	0.02525	0.06061	0.0404	0.05051	0.08081	0.03535	0.05051	0.05051	0.04545	0.06061	0.05556	0.03535	0.05556	0.06566	0.04545	0.0404	0.0303	0.04545	0.04545	0.05051	0.04545	0.0101	0.04545	0.03535	0.0404	0.06566	0.06566	0.04545	0.08081	0.08081	0.06061	0.05556	0.06566	0.05051	0.05051	0.01515	0.06566	0.03535	0.06566	0.08081	0.05051	0.04545	0.07576	0.03535	0.07071	0.0404	0.0404	0.0404	0.07071	0.03535	0.04545	0.0404	0.0404	0.05051	0.05051	0.05051	0.06061	0.05051	0.05556	0.06566	0.0303	0.08081	0.05051	0.05556	0.05051	0.05556	0.0404	0.06061	0.05051	0.07071	0.06566	0.06061	0.07071	0.05556	0.06566	0.0404	0.05556	0.06566	0.0404	0.05556	0.06566	0.0404	0.04545	0.06061	0.05556	0.05051	0.05051	0.06061	0.05556	0.0404	0.06566	0.05051	0.04545	0.05051	0.05051	0.0404	0.05051	0.05051	0.05556	0.03535	0.05051	0.05051	0.0202	0.06061	0.02525	0.03535	0.05556	0.0404	0.06566	0.07071	0.05051	0.0303	0.05051	0.09091	0.07071	0.07576	0.07576	0.03535	0.08081	0.06566	0.06566	0.04545	0.02525	0.07576	0.08586	0.04545	0.05556	0.0404	0.06061	0.07071	0.04545	0.0303	0.04545	0.06061	0.06566	0.06061	0.05051	0.06566	0.06061	0.03535	0.03535	0.07071	0.0202	0.05051	0.06566	0.08586	0.10101	0.03535	0.0404	0.0404	0.05051	0.04545	0.06566	0.03535	0.02525	0.05051	0.04545	0.06061	0.0404	0.06061	0.0404	0.03535	0.05051	0.05051	0.03535	0.04545	0.03535	0.06566	0.0303	0.07576	0.06061	0.05556	0.0404	0.0303	0.05556	0.0404	0.07071	0.0404	0.07576	0.05051	0.05556	0.07071	0.07576	0.02525	0.02525	0.06061	0.07071	0.05556	0.0404	0.0404	0.07071	0.04545	0.07071	0.0303
"GC"	0.13131	0.14141	0	0.12121	0.10101	0.06061	0.07071	0.07071	0.12121	0.10101	0.0202	0.08081	0.12121	0.09091	0.09091	0.10101	0.0404	0.07071	0.05051	0.05051	0.09091	0.15152	0.10101	0.06061	0.11111	0.06061	0.10101	0.07071	0.08081	0.07071	0.09091	0.09091	0.0303	0.09091	0.0303	0.05051	0.15152	0.06061	0.08081	0.10101	0	0.07071	0.09091	0.0404	0.06061	0.05051	0.08081	0.06061	0.0303	0.11111	0.05051	0.10101	0.12121	0.08081	0.0404	0.08081	0.06061	0.06061	0.15152	0.11111	0.10101	0.09091	0.0404	0.05051	0.07071	0.09091	0.08081	0.0404	0.05051	0.10101	0.07071	0.0404	0.11111	0.12121	0.0404	0.07071	0.09091	0.09091	0.09091	0.07071	0.07071	0.11111	0.07071	0.07071	0.08081	0.0404	0.0202	0.11111	0.11111	0.0303	0.08081	0.0404	0.09091	0.0404	0.11111	0.10101	0.09091	0.14141	0.09091	0.09091	0.09091	0.13131	0.09091	0.10101	0.10101	0.10101	0.06061	0.08081	0.05051	0.0404	0.05051	0.12121	0.11111	0.08081	0.09091	0.0303	0.08081	0.0202	0.07071	0.0202	0.06061	0.09091	0.05051	0.10101	0.07071	0.05051	0.07071	0.06061	0.09091	0.05051	0.07071	0.07071	0.0101	0.09091	0.06061	0.09091	0.09091	0.06061	0.08081	0.09091	0.06061	0.05051	0.11111	0.05051	0.06061	0.09091	0.06061	0.05051	0.07071	0.11111	0.0404	0.08081	0.0404	0.14141	0.12121	0.07071	0.0404	0.0202	0.09091	0.0303	0.10101	0.05051	0.09091	0.10101	0.05051	0.0404	0.10101	0.0202	0.09091	0.07071	0.0404	0.0303	0.12121	0.05051	0.13131	0.07071	0.05051	0.07071	0	0.0404	0.15152	0.11111	0.0404	0.0404	0.0404	0.11111	0.09091	0.10101	0.05051	0.06061	0.15152	0.12121	0.07071	0.10101	0.07071	0.12121	0.11111	0.0303	0.06061	0.09091
"GG"	0.11616	0.13636	0.12121	0.12626	0.12121	0.16667	0.14646	0.12121	0.10606	0.13636	0.11111	0.16667	0.12121	0.13131	0.14646	0.15152	0.12121	0.11616	0.11616	0.12121	0.20707	0.14646	0.10101	0.12121	0.12626	0.11111	0.12626	0.19192	0.15152	0.12121	0.14646	0.13636	0.10101	0.11111	0.10101	0.11111	0.11111	0.14141	0.10101	0.10101	0.11111	0.14141	0.12626	0.10101	0.12121	0.11616	0.10101	0.11111	0.11111	0.10101	0.15152	0.13636	0.11616	0.17677	0.13131	0.13636	0.12626	0.10101	0.12121	0.10606	0.12626	0.10101	0.15152	0.12626	0.11616	0.11111	0.12626	0.11616	0.12121	0.10606	0.16162	0.15152	0.11616	0.10606	0.12121	0.11616	0.12121	0.10606	0.14141	0.11616	0.10101	0.10101	0.10101	0.11111	0.13636	0.11616	0.14646	0.10606	0.11616	0.13131	0.12626	0.13131	0.11616	0.10606	0.12121	0.10101	0.12121	0.11111	0.13636	0.12626	0.13131	0.17677	0.13636	0.11616	0.13636	0.10606	0.10101	0.16162	0.12626	0.10101	0.10606	0.11111	0.11111	0.13636	0.10101	0.13131	0.10606	0.15152	0.11111	0.10101	0.12121	0.12121	0.10606	0.10606	0.10606	0.10101	0.12121	0.13636	0.11616	0.12626	0.10606	0.12121	0.11111	0.15152	0.16162	0.10606	0.10101	0.14141	0.10101	0.12121	0.10101	0.11616	0.10606	0.12121	0.11616	0.15152	0.15152	0.11616	0.15152	0.10101	0.10606	0.10101	0.11111	0.13131	0.12626	0.11111	0.10606	0.11111	0.10101	0.11111	0.13636	0.19697	0.11616	0.10101	0.11111	0.11616	0.14141	0.11111	0.12121	0.10606	0.10101	0.18182	0.14141	0.11111	0.11111	0.10606	0.12121	0.10606	0.11111	0.21717	0.12626	0.14646	0.13131	0.14646	0.10101	0.14141	0.10101	0.10606	0.10606	0.10606	0.10101	0.15152	0.10606	0.11616	0.10606	0.10606	0.11111	0.11616	0.11111	0.11616
