"Matrix"	"NC_007424.3_92239"	"NC_007418.3_78360"	"NC_007420.3_149472"	"NC_007424.3_112347"	"NC_007423.3_119509"	"NC_007419.2_7237"	"NW_015450603.1_1"	"NC_007424.3_142582"	"NC_007421.3_4145"	"NC_007416.3_29433"	"NC_007422.5_15060"	"NC_007423.3_100950"	"NC_007421.3_89733"	"NC_007424.3_134057"	"NW_015450820.1_328"	"NC_007420.3_123684"	"NC_007422.5_3902"	"NC_007417.3_129808"	"NC_007418.3_95398"	"NC_007417.3_101140"	"NC_007424.3_119234"	"NC_007425.3_60175"	"NW_015450233.1_7104"	"NC_007422.5_38797"	"NC_007421.3_93778"	"NC_007417.3_89827"	"NC_007422.5_115434"	"NC_007422.5_81032"	"NC_007423.3_28352"	"NC_007421.3_17113"	"NC_007418.3_45647"	"NW_015452276.1_1059"	"NC_007422.5_19724"	"NC_007424.3_142865"	"NC_007421.3_57545"	"NC_007418.3_193026"	"NC_007419.2_47970"	"NC_007417.3_87394"	"NC_007424.3_136803"	"NC_007419.2_45246"	"NC_007421.3_88489"	"NC_007423.3_94486"	"NC_007424.3_46454"	"NC_007424.3_141995"	"NC_007420.3_153610"	"NC_007419.2_56802"	"NC_007419.2_62973"	"NC_007418.3_17276"	"NC_007417.3_13992"	"NC_007419.2_45071"	"NW_015452189.1_72"	"NC_007422.5_39942"	"NW_015450817.1_8"	"NC_007423.3_115077"	"NC_007422.5_31908"	"NC_007418.3_85992"	"NC_007423.3_99068"	"NC_007423.3_29343"	"NC_007419.2_13944"	"NC_007422.5_32850"	"NC_007420.3_95570"	"NW_015450210.1_313"	"NC_007424.3_81675"	"NC_007419.2_69809"	"NC_007418.3_280646"	"NC_007423.3_77972"	"NC_007417.3_66227"	"NC_007416.3_57889"	"NC_007424.3_85355"	"NC_007417.3_65149"	"NC_007423.3_29173"	"NC_007417.3_7143"	"NW_015452235.1_62"	"NC_007424.3_124430"	"NC_007423.3_84887"	"NC_007416.3_50007"	"NC_007417.3_5944"	"NC_007418.3_18864"	"NC_007417.3_33253"	"NC_007419.2_89626"	"NC_007422.5_39560"	"NC_007420.3_36514"	"NC_007422.5_100041"	"NC_007416.3_35259"	"NC_007423.3_30105"	"NC_007421.3_54827"	"NC_007418.3_177118"	"NW_015450820.1_224"	"NC_007422.5_25604"	"NW_015452027.1_31"	"NC_007423.3_100890"	"NC_007421.3_22781"	"NC_007423.3_51762"	"NC_007424.3_115022"	"NC_007419.2_6378"	"NW_015451702.1_735"	"NC_007420.3_101973"	"NC_007423.3_127591"	"NC_007417.3_24657"	"NC_007418.3_178966"	"NC_007418.3_202766"	"NW_015451367.1_301"	"NW_015450582.1_677"	"NC_007416.3_12439"	"NC_007420.3_45838"	"NC_007420.3_104807"	"NC_007419.2_71912"	"NC_007420.3_143280"	"NC_007417.3_124158"	"NC_007419.2_33027"	"NC_007422.5_18654"	"NC_007419.2_14078"	"NC_007422.5_23497"	"NC_007420.3_126872"	"NC_007423.3_84515"	"NC_007422.5_108929"	"NW_015452173.1_10"	"NC_007420.3_93858"	"NC_007420.3_133439"	"NC_007418.3_14234"	"NC_007422.5_3536"	"NC_007419.2_76239"	"NC_007418.3_6085"	"NW_015451357.1_1"	"NC_007421.3_54355"	"NC_007418.3_287913"	"NC_007422.5_87735"	"NC_007417.3_119703"	"NC_007416.3_50833"	"NW_015450974.1_1476"	"NC_007424.3_112341"	"NC_007425.3_38322"	"NW_015451814.1_106"	"NW_015451463.1_88"	"NC_007423.3_127229"	"NC_007423.3_126600"	"NC_007418.3_43063"	"NC_007416.3_71425"	"NC_007423.3_104109"	"NC_007418.3_52046"	"NC_007418.3_39916"	"NC_007420.3_95162"	"NC_007416.3_71104"	"NC_007417.3_86491"	"NC_007416.3_20765"	"NC_007417.3_53200"	"NC_007425.3_31350"	"NC_007418.3_300208"	"NW_015451654.1_142"	"NC_007423.3_69928"	"NC_007423.3_107226"	"NC_007420.3_46214"	"NC_007418.3_59008"	"NC_007423.3_81957"	"NC_007424.3_57843"	"NC_007422.5_90020"	"NC_007416.3_1873"	"NC_007418.3_87021"	"NC_007418.3_278247"	"NC_007423.3_106237"	"NC_007417.3_31714"	"NW_015450289.1_503"	"NC_007423.3_113654"	"NC_007422.5_11430"	"NC_007419.2_26454"	"NC_007423.3_72968"	"NC_007424.3_110234"	"NC_007416.3_39120"	"NC_007419.2_34711"	"NC_007422.5_69469"	"NC_007418.3_179181"	"NC_007418.3_121893"	"NC_007418.3_88498"	"NW_015452207.1_379"	"NC_007422.5_42134"	"NC_007418.3_116853"	"NC_007424.3_141664"	"NC_007418.3_121992"	"NC_007425.3_41683"	"NC_007420.3_111863"	"NC_007417.3_94239"	"NC_007418.3_70701"	"NC_007422.5_99701"	"NC_007424.3_77210"	"NC_007416.3_85423"	"NC_007418.3_80485"	"NC_007421.3_86689"	"NC_007420.3_86711"	"NC_007418.3_276054"	"NC_007423.3_134790"	"NC_007425.3_43766"	"NC_007418.3_278250"	"NC_007420.3_104190"	"NC_007417.3_144788"	"NC_007420.3_33083"	"NC_007420.3_112179"	"NC_007419.2_49073"	"NC_007418.3_372"	"NW_015450340.1_130"	"NC_007422.5_144204"
"A"	0.21	0.165	0.225	0.215	0.18	0.195	0.16	0.2	0.18	0.15	0.245	0.18	0.2	0.15	0.205	0.185	0.18	0.175	0.195	0.205	0.19	0.265	0.195	0.165	0.185	0.255	0.22	0.19	0.22	0.23	0.235	0.185	0.22	0.16	0.24	0.225	0.15	0.155	0.15	0.11	0.18	0.215	0.21	0.21	0.24	0.17	0.19	0.22	0.24	0.21	0.18	0.215	0.23	0.185	0.265	0.21	0.2	0.18	0.275	0.19	0.2	0.255	0.175	0.175	0.19	0.195	0.17	0.225	0.215	0.225	0.2	0.23	0.205	0.165	0.195	0.165	0.23	0.215	0.12	0.165	0.135	0.1	0.2	0.19	0.185	0.22	0.21	0.22	0.165	0.195	0.225	0.255	0.25	0.22	0.155	0.24	0.185	0.155	0.21	0.255	0.165	0.23	0.24	0.225	0.21	0.195	0.24	0.125	0.21	0.215	0.2	0.195	0.245	0.175	0.235	0.2	0.21	0.21	0.205	0.24	0.235	0.215	0.2	0.21	0.18	0.22	0.26	0.175	0.19	0.195	0.22	0.24	0.19	0.205	0.205	0.22	0.18	0.245	0.18	0.235	0.23	0.2	0.155	0.195	0.195	0.23	0.195	0.215	0.2	0.19	0.23	0.175	0.17	0.205	0.19	0.195	0.21	0.23	0.17	0.215	0.21	0.23	0.16	0.18	0.2	0.23	0.225	0.25	0.21	0.24	0.225	0.22	0.205	0.165	0.155	0.165	0.18	0.135	0.215	0.205	0.205	0.155	0.16	0.17	0.205	0.21	0.175	0.21	0.22	0.16	0.21	0.195	0.185	0.2	0.19	0.18	0.23	0.165	0.235	0.21
"AA"	0.04545	0.03535	0.05556	0.0404	0.0202	0.03535	0.0303	0.05556	0.01515	0.0303	0.10101	0.04545	0.07071	0.0404	0.04545	0.05556	0.0202	0.0101	0.05051	0.0404	0.05051	0.11111	0.04545	0.0404	0.04545	0.07576	0.04545	0.04545	0.08081	0.06566	0.07576	0.04545	0.05556	0.0303	0.06061	0.07071	0.03535	0.0101	0.01515	0.0101	0.0404	0.06566	0.07576	0.05051	0.09596	0.0303	0.0303	0.06566	0.08586	0.04545	0.05556	0.05051	0.09596	0.06566	0.09596	0.07071	0.05051	0.05051	0.12626	0.05556	0.04545	0.09091	0.03535	0.0404	0.03535	0.05051	0.02525	0.08081	0.09091	0.06061	0.08586	0.09091	0.05556	0.0303	0.06061	0.0202	0.07071	0.04545	0.02525	0.0303	0.0101	0.0101	0.06061	0.0202	0.0303	0.05556	0.0404	0.04545	0.0404	0.06566	0.06061	0.08586	0.10606	0.05556	0.0303	0.07576	0.05051	0.0303	0.07576	0.08586	0.01515	0.07071	0.08586	0.08586	0.0303	0.05051	0.0404	0.0101	0.0404	0.0404	0.06061	0.04545	0.11111	0.03535	0.06061	0.03535	0.05051	0.05556	0.06061	0.08081	0.0404	0.04545	0.05051	0.08081	0.05051	0.07071	0.05556	0.0303	0.02525	0.07576	0.08586	0.05556	0.0404	0.09596	0.07576	0.06566	0.05051	0.08081	0.02525	0.05556	0.07071	0.02525	0.02525	0.06061	0.05556	0.09091	0.04545	0.05051	0.0303	0.06061	0.07576	0.04545	0.0303	0.05051	0.03535	0.05051	0.06061	0.07576	0.03535	0.05051	0.05556	0.06566	0.0303	0.06061	0.04545	0.07576	0.06566	0.06566	0.04545	0.05556	0.06566	0.07071	0.07576	0.03535	0.04545	0.01515	0.0404	0.0202	0.07071	0.06566	0.04545	0.04545	0.02525	0.06061	0.06061	0.08081	0.03535	0.0404	0.06566	0.02525	0.06061	0.05556	0.06061	0.05051	0.06566	0.0202	0.07071	0.03535	0.09596	0.05051
"AT"	0.0404	0.0101	0.06061	0.07071	0.0404	0.0404	0.0202	0.0303	0.0303	0	0.0202	0.0303	0.05051	0	0.05051	0.0101	0.0404	0.0404	0.0404	0.0404	0.0404	0.05051	0.0303	0.0101	0.06061	0.09091	0.06061	0.0202	0.0303	0.0303	0.0404	0.0303	0.09091	0.0202	0.07071	0.0202	0.0303	0.0303	0.0202	0	0.0101	0.0303	0.0404	0.06061	0.0303	0.05051	0.0404	0.0404	0.0303	0.0303	0.0303	0.0202	0.07071	0.0202	0.06061	0.0202	0.0303	0.0202	0.05051	0.0101	0.0303	0.06061	0.0404	0	0.0202	0.07071	0.0404	0.08081	0.0303	0.0303	0.05051	0.0404	0.0303	0.05051	0.06061	0.08081	0.07071	0.07071	0	0.05051	0.0303	0	0.0101	0.0303	0.0303	0.0404	0.0101	0.08081	0.0202	0.0202	0.0303	0.08081	0.0303	0.07071	0.0303	0.06061	0.05051	0.0303	0.0303	0.07071	0.05051	0.0202	0.06061	0.0404	0.07071	0.0404	0.10101	0.0101	0	0.0404	0.0202	0.05051	0.05051	0.0101	0.05051	0.0404	0.06061	0.0202	0.0303	0.0202	0.08081	0.07071	0.0202	0.05051	0.0404	0.0404	0.09091	0.0303	0.05051	0.0101	0.0404	0.09091	0.0303	0.0202	0.0404	0.07071	0.0202	0.05051	0.0404	0.05051	0.06061	0.09091	0.0202	0.0202	0.0404	0.06061	0.0202	0.0404	0.07071	0.0303	0.0303	0.06061	0.0303	0.0404	0.0303	0.0202	0.0303	0.0404	0	0.0404	0.05051	0.0303	0.0202	0	0.0202	0.05051	0.07071	0.07071	0.05051	0.06061	0.07071	0.0303	0.05051	0	0.0303	0.0303	0.05051	0.0404	0.0303	0.0202	0.0303	0.07071	0.0101	0.0101	0.0202	0.0101	0.0303	0.05051	0.08081	0.0303	0.0303	0.0404	0.0404	0.0101	0.0202	0	0.06061	0.0303	0.0404	0.05051
"AC"	0.08081	0.04545	0.0404	0.03535	0.04545	0.06061	0.05556	0.06566	0.06566	0.0303	0.07071	0.0303	0.04545	0.04545	0.05556	0.04545	0.04545	0.06061	0.0303	0.07071	0.05051	0.06566	0.06566	0.07576	0.04545	0.04545	0.05051	0.05556	0.0404	0.08081	0.07576	0.06061	0.05051	0.06061	0.06061	0.05556	0.05051	0.05051	0.08081	0.05051	0.07576	0.06566	0.04545	0.03535	0.07071	0.05051	0.05556	0.05556	0.06566	0.07071	0.03535	0.05556	0.0303	0.04545	0.07071	0.05556	0.07576	0.08586	0.05556	0.06566	0.08586	0.07071	0.06566	0.07071	0.05556	0.03535	0.05051	0.0303	0.05556	0.07071	0.04545	0.05556	0.05556	0.02525	0.03535	0.04545	0.05556	0.05556	0.04545	0.04545	0.05051	0.04545	0.07576	0.06566	0.06566	0.07071	0.09091	0.06061	0.03535	0.04545	0.07071	0.06061	0.06566	0.0404	0.06061	0.05556	0.0404	0.04545	0.05556	0.0303	0.05556	0.06566	0.05556	0.05051	0.06061	0.06061	0.04545	0.0303	0.09596	0.06061	0.06566	0.06566	0.0404	0.06061	0.07071	0.06061	0.06566	0.08081	0.07576	0.08081	0.06566	0.04545	0.10101	0.03535	0.02525	0.06566	0.06061	0.08586	0.06061	0.05556	0.0404	0.07071	0.06061	0.05051	0.0303	0.0404	0.05051	0.07071	0.05556	0.06566	0.04545	0.04545	0.05556	0.0303	0.04545	0.04545	0.07071	0.06061	0.06061	0.05556	0.07576	0.04545	0.06566	0.06566	0.05051	0.0303	0.0404	0.04545	0.08081	0.06566	0.04545	0.06061	0.0404	0.05556	0.07576	0.05556	0.05556	0.03535	0.06061	0.06566	0.04545	0.06061	0.04545	0.10101	0.0404	0.06566	0.04545	0.05051	0.06061	0.07071	0.06566	0.0202	0.06566	0.06566	0.05556	0.07071	0.05051	0.07071	0.0303	0.07071	0.07071	0.06061	0.0404	0.07071	0.0202	0.09091	0.0404	0.0404	0.02525	0.05051
"AG"	0.04545	0.07071	0.07071	0.06566	0.07071	0.05556	0.05556	0.04545	0.07071	0.09091	0.05051	0.07576	0.03535	0.06566	0.05556	0.07576	0.07576	0.06061	0.07071	0.05556	0.05051	0.0404	0.05051	0.0404	0.0303	0.0404	0.06061	0.07071	0.07071	0.05051	0.0404	0.04545	0.0202	0.05051	0.05051	0.08081	0.03535	0.06061	0.03535	0.05051	0.05556	0.05051	0.05051	0.06566	0.0404	0.0404	0.06061	0.05556	0.06061	0.06061	0.05556	0.09091	0.0303	0.05051	0.0404	0.06566	0.04545	0.0202	0.04545	0.06061	0.0404	0.03535	0.03535	0.06061	0.08081	0.03535	0.05556	0.03535	0.0303	0.06566	0.0202	0.04545	0.06566	0.05556	0.0404	0.01515	0.03535	0.0404	0.05051	0.0404	0.04545	0.04545	0.05556	0.07071	0.05556	0.05051	0.06566	0.03535	0.07071	0.06566	0.06061	0.02525	0.05051	0.05051	0.03535	0.04545	0.04545	0.05051	0.05051	0.06566	0.0404	0.07576	0.0404	0.05051	0.05051	0.0404	0.05051	0.07576	0.07071	0.07576	0.05051	0.03535	0.04545	0.06566	0.05556	0.06566	0.03535	0.05556	0.0404	0.05556	0.05051	0.05556	0.0303	0.0404	0.06061	0.04545	0.05556	0.0303	0.05051	0.05556	0.05051	0.0202	0.05556	0.03535	0.06061	0.04545	0.06061	0.0404	0.06061	0.06061	0.04545	0.0404	0.05556	0.08586	0.05051	0.03535	0.06061	0.06566	0.0404	0.04545	0.05051	0.0202	0.04545	0.05051	0.07576	0.09091	0.07576	0.06566	0.04545	0.05556	0.05556	0.07071	0.06566	0.06061	0.05051	0.04545	0.03535	0.07576	0.05556	0.06061	0.04545	0.05556	0.0303	0.0303	0.0404	0.05556	0.04545	0.02525	0.05556	0.0404	0.06566	0.0202	0.05051	0.03535	0.06566	0.05051	0.05556	0.05051	0.0404	0.03535	0.05051	0.03535	0.0404	0.06566	0.08081	0.06566	0.05556	0.06061	0.07576	0.06061
"T"	0.21	0.165	0.225	0.215	0.18	0.195	0.16	0.2	0.18	0.15	0.245	0.18	0.2	0.15	0.205	0.185	0.18	0.175	0.195	0.205	0.19	0.265	0.195	0.165	0.185	0.255	0.22	0.19	0.22	0.23	0.235	0.185	0.22	0.16	0.24	0.225	0.15	0.155	0.15	0.11	0.18	0.215	0.21	0.21	0.24	0.17	0.19	0.22	0.24	0.21	0.18	0.215	0.23	0.185	0.265	0.21	0.2	0.18	0.275	0.19	0.2	0.255	0.175	0.175	0.19	0.195	0.17	0.225	0.215	0.225	0.2	0.23	0.205	0.165	0.195	0.165	0.23	0.215	0.12	0.165	0.135	0.1	0.2	0.19	0.185	0.22	0.21	0.22	0.165	0.195	0.225	0.255	0.25	0.22	0.155	0.24	0.185	0.155	0.21	0.255	0.165	0.23	0.24	0.225	0.21	0.195	0.24	0.125	0.21	0.215	0.2	0.195	0.245	0.175	0.235	0.2	0.21	0.21	0.205	0.24	0.235	0.215	0.2	0.21	0.18	0.22	0.26	0.175	0.19	0.195	0.22	0.24	0.19	0.205	0.205	0.22	0.18	0.245	0.18	0.235	0.23	0.2	0.155	0.195	0.195	0.23	0.195	0.215	0.2	0.19	0.23	0.175	0.17	0.205	0.19	0.195	0.21	0.23	0.17	0.215	0.21	0.23	0.16	0.18	0.2	0.23	0.225	0.25	0.21	0.24	0.225	0.22	0.205	0.165	0.155	0.165	0.18	0.135	0.215	0.205	0.205	0.155	0.16	0.17	0.205	0.21	0.175	0.21	0.22	0.16	0.21	0.195	0.185	0.2	0.19	0.18	0.23	0.165	0.235	0.21
"TA"	0.05051	0	0	0.0101	0	0.0303	0	0	0.0303	0	0.0101	0	0.0303	0	0.0404	0	0.0202	0.0303	0.0202	0.05051	0.0303	0.05051	0.0404	0	0.05051	0.06061	0.05051	0.0303	0	0.0404	0.06061	0.0404	0.0404	0.0101	0.0404	0.0202	0.0303	0.0101	0.0101	0.0101	0.0303	0.0202	0	0.0202	0.0202	0.0101	0.0404	0.05051	0.07071	0.0303	0.0202	0.05051	0.0101	0.0101	0.05051	0.0202	0.0101	0.0202	0.05051	0.0202	0.0303	0.06061	0	0	0.0202	0	0.0303	0.05051	0.0101	0.0303	0	0.0202	0.0101	0.0101	0.0101	0	0.0404	0.05051	0.0202	0.0303	0	0	0.0303	0.0404	0.0202	0.0404	0.0303	0.08081	0.0101	0.0202	0.0101	0.05051	0.0404	0.08081	0.0202	0.0404	0.0303	0.0101	0.0101	0.07071	0.0202	0.07071	0.0202	0.0101	0.0404	0.0202	0.0404	0.0101	0.0404	0.05051	0.0101	0.0202	0.0101	0.0101	0.05051	0.05051	0.07071	0.0303	0.05051	0.0303	0.10101	0.08081	0.0202	0	0	0.0101	0.10101	0	0.0303	0.0101	0.0303	0.0303	0.0202	0.0404	0.0404	0.0404	0	0.0404	0.0303	0.09091	0.0404	0.0202	0	0.0202	0.0303	0.0404	0.0303	0.05051	0.0404	0.0202	0.05051	0.0101	0.0202	0.0404	0.0202	0.0303	0.0404	0.0303	0.0101	0.0303	0.07071	0.06061	0.0101	0.0101	0.0404	0.06061	0.0404	0.07071	0.05051	0.05051	0.0202	0.0202	0.0101	0.0202	0	0.0303	0.0202	0	0.0303	0	0.0303	0.0404	0.0202	0.0404	0.0404	0.0202	0	0.0303	0.0404	0	0.0202	0.0404	0.0101	0.0404	0.0202	0.0202	0.05051	0.0101	0.0404	0.0303
"TT"	0.04545	0.03535	0.05556	0.0404	0.0202	0.03535	0.0303	0.05556	0.01515	0.0303	0.10101	0.04545	0.07071	0.0404	0.04545	0.05556	0.0202	0.0101	0.05051	0.0404	0.05051	0.11111	0.04545	0.0404	0.04545	0.07576	0.04545	0.04545	0.08081	0.06566	0.07576	0.04545	0.05556	0.0303	0.06061	0.07071	0.03535	0.0101	0.01515	0.0101	0.0404	0.06566	0.07576	0.05051	0.09596	0.0303	0.0303	0.06566	0.08586	0.04545	0.05556	0.05051	0.09596	0.06566	0.09596	0.07071	0.05051	0.05051	0.12626	0.05556	0.04545	0.09091	0.03535	0.0404	0.03535	0.05051	0.02525	0.08081	0.09091	0.06061	0.08586	0.09091	0.05556	0.0303	0.06061	0.0202	0.07071	0.04545	0.02525	0.0303	0.0101	0.0101	0.06061	0.0202	0.0303	0.05556	0.0404	0.04545	0.0404	0.06566	0.06061	0.08586	0.10606	0.05556	0.0303	0.07576	0.05051	0.0303	0.07576	0.08586	0.01515	0.07071	0.08586	0.08586	0.0303	0.05051	0.0404	0.0101	0.0404	0.0404	0.06061	0.04545	0.11111	0.03535	0.06061	0.03535	0.05051	0.05556	0.06061	0.08081	0.0404	0.04545	0.05051	0.08081	0.05051	0.07071	0.05556	0.0303	0.02525	0.07576	0.08586	0.05556	0.0404	0.09596	0.07576	0.06566	0.05051	0.08081	0.02525	0.05556	0.07071	0.02525	0.02525	0.06061	0.05556	0.09091	0.04545	0.05051	0.0303	0.06061	0.07576	0.04545	0.0303	0.05051	0.03535	0.05051	0.06061	0.07576	0.03535	0.05051	0.05556	0.06566	0.0303	0.06061	0.04545	0.07576	0.06566	0.06566	0.04545	0.05556	0.06566	0.07071	0.07576	0.03535	0.04545	0.01515	0.0404	0.0202	0.07071	0.06566	0.04545	0.04545	0.02525	0.06061	0.06061	0.08081	0.03535	0.0404	0.06566	0.02525	0.06061	0.05556	0.06061	0.05051	0.06566	0.0202	0.07071	0.03535	0.09596	0.05051
"TC"	0.0404	0.10606	0.09091	0.08081	0.08586	0.0404	0.08081	0.06566	0.04545	0.07576	0.04545	0.08586	0.04545	0.04545	0.06566	0.05556	0.06566	0.06566	0.07071	0.07071	0.04545	0.05051	0.05556	0.0404	0.0404	0.06061	0.07576	0.06566	0.08081	0.07576	0.04545	0.03535	0.06061	0.06061	0.06566	0.08081	0.03535	0.06061	0.08081	0.05051	0.03535	0.04545	0.07071	0.08586	0.03535	0.08081	0.06061	0.05556	0.03535	0.06061	0.05556	0.06566	0.05051	0.06566	0.04545	0.05051	0.08081	0.04545	0.03535	0.08586	0.05556	0.0404	0.06061	0.06566	0.05556	0.08081	0.04545	0.0404	0.05556	0.07071	0.05556	0.06566	0.07071	0.06566	0.08081	0.0404	0.04545	0.04545	0.02525	0.02525	0.06566	0.04545	0.04545	0.06566	0.07071	0.08081	0.06566	0.0202	0.06061	0.05051	0.07576	0.04545	0.0303	0.02525	0.05051	0.05051	0.06061	0.04545	0.06061	0.06566	0.07576	0.05051	0.05051	0.06566	0.07576	0.05051	0.08586	0.0303	0.06061	0.05051	0.06061	0.03535	0.07071	0.06566	0.04545	0.05556	0.0303	0.04545	0.03535	0.06061	0.04545	0.05556	0.0303	0.07071	0.06061	0.05051	0.0303	0.07071	0.05556	0.04545	0.0404	0.06061	0.05051	0.0303	0.04545	0.06566	0.04545	0.06566	0.0404	0.03535	0.03535	0.05556	0.05051	0.06566	0.03535	0.04545	0.06566	0.06061	0.0404	0.06566	0.05051	0.0303	0.0404	0.04545	0.07071	0.06566	0.0404	0.05556	0.06566	0.07576	0.04545	0.05051	0.06566	0.06061	0.04545	0.0202	0.05556	0.07576	0.07071	0.06566	0.07071	0.06566	0.07071	0.0202	0.06566	0.06566	0.06061	0.03535	0.07071	0.05051	0.06061	0.0303	0.07576	0.03535	0.04545	0.08081	0.06566	0.07576	0.06566	0.06061	0.05051	0.04545	0.08081	0.05556	0.05556	0.07576	0.05556	0.05556	0.06061	0.05051
"TG"	0.07071	0.02525	0.07071	0.08081	0.07071	0.09091	0.04545	0.07576	0.08586	0.0404	0.08586	0.04545	0.05051	0.06061	0.05051	0.07071	0.07576	0.07071	0.05556	0.0404	0.06566	0.05051	0.05051	0.08586	0.05051	0.05556	0.05051	0.05051	0.06061	0.05051	0.05556	0.06566	0.06566	0.06061	0.06566	0.04545	0.05051	0.07071	0.04545	0.0404	0.06566	0.08586	0.06566	0.05556	0.09091	0.05051	0.05556	0.04545	0.04545	0.07576	0.05051	0.04545	0.07576	0.04545	0.07071	0.06566	0.05051	0.06566	0.06061	0.0303	0.07071	0.06566	0.08081	0.07071	0.08081	0.06061	0.06566	0.05051	0.06061	0.06566	0.06061	0.04545	0.06061	0.06061	0.04545	0.10606	0.07071	0.07576	0.04545	0.07576	0.06061	0.0404	0.06566	0.06566	0.06566	0.04545	0.07576	0.07576	0.05051	0.06061	0.07576	0.07071	0.07576	0.05556	0.05051	0.07576	0.0404	0.07071	0.06061	0.0303	0.05556	0.0404	0.08081	0.06566	0.05556	0.07071	0.07576	0.07071	0.07071	0.07071	0.06566	0.09596	0.05051	0.06566	0.07576	0.06061	0.05051	0.07576	0.05051	0.06566	0.04545	0.03535	0.10101	0.05556	0.06566	0.09091	0.07576	0.07576	0.08081	0.06061	0.06566	0.09091	0.08081	0.0404	0.04545	0.05051	0.08081	0.05556	0.08081	0.05051	0.08586	0.10101	0.07576	0.04545	0.07576	0.04545	0.05556	0.05051	0.08586	0.04545	0.05556	0.09091	0.08081	0.07071	0.06061	0.04545	0.07071	0.07071	0.06061	0.06061	0.0404	0.05051	0.05051	0.05051	0.07071	0.07071	0.06061	0.0404	0.04545	0.07071	0.06061	0.06566	0.05051	0.09091	0.04545	0.05556	0.05556	0.08081	0.0404	0.09091	0.07071	0.0404	0.0404	0.0303	0.06061	0.02525	0.07071	0.06061	0.04545	0.07576	0.08081	0.05051	0.03535	0.05556	0.04545	0.06566	0.05556	0.06566	0.0404	0.07576
"C"	0.29	0.335	0.275	0.285	0.32	0.305	0.34	0.3	0.32	0.35	0.255	0.32	0.3	0.35	0.295	0.315	0.32	0.325	0.305	0.295	0.31	0.235	0.305	0.335	0.315	0.245	0.28	0.31	0.28	0.27	0.265	0.315	0.28	0.34	0.26	0.275	0.35	0.345	0.35	0.39	0.32	0.285	0.29	0.29	0.26	0.33	0.31	0.28	0.26	0.29	0.32	0.285	0.27	0.315	0.235	0.29	0.3	0.32	0.225	0.31	0.3	0.245	0.325	0.325	0.31	0.305	0.33	0.275	0.285	0.275	0.3	0.27	0.295	0.335	0.305	0.335	0.27	0.285	0.38	0.335	0.365	0.4	0.3	0.31	0.315	0.28	0.29	0.28	0.335	0.305	0.275	0.245	0.25	0.28	0.345	0.26	0.315	0.345	0.29	0.245	0.335	0.27	0.26	0.275	0.29	0.305	0.26	0.375	0.29	0.285	0.3	0.305	0.255	0.325	0.265	0.3	0.29	0.29	0.295	0.26	0.265	0.285	0.3	0.29	0.32	0.28	0.24	0.325	0.31	0.305	0.28	0.26	0.31	0.295	0.295	0.28	0.32	0.255	0.32	0.265	0.27	0.3	0.345	0.305	0.305	0.27	0.305	0.285	0.3	0.31	0.27	0.325	0.33	0.295	0.31	0.305	0.29	0.27	0.33	0.285	0.29	0.27	0.34	0.32	0.3	0.27	0.275	0.25	0.29	0.26	0.275	0.28	0.295	0.335	0.345	0.335	0.32	0.365	0.285	0.295	0.295	0.345	0.34	0.33	0.295	0.29	0.325	0.29	0.28	0.34	0.29	0.305	0.315	0.3	0.31	0.32	0.27	0.335	0.265	0.29
"CA"	0.07071	0.02525	0.07071	0.08081	0.07071	0.09091	0.04545	0.07576	0.08586	0.0404	0.08586	0.04545	0.05051	0.06061	0.05051	0.07071	0.07576	0.07071	0.05556	0.0404	0.06566	0.05051	0.05051	0.08586	0.05051	0.05556	0.05051	0.05051	0.06061	0.05051	0.05556	0.06566	0.06566	0.06061	0.06566	0.04545	0.05051	0.07071	0.04545	0.0404	0.06566	0.08586	0.06566	0.05556	0.09091	0.05051	0.05556	0.04545	0.04545	0.07576	0.05051	0.04545	0.07576	0.04545	0.07071	0.06566	0.05051	0.06566	0.06061	0.0303	0.07071	0.06566	0.08081	0.07071	0.08081	0.06061	0.06566	0.05051	0.06061	0.06566	0.06061	0.04545	0.06061	0.06061	0.04545	0.10606	0.07071	0.07576	0.04545	0.07576	0.06061	0.0404	0.06566	0.06566	0.06566	0.04545	0.07576	0.07576	0.05051	0.06061	0.07576	0.07071	0.07576	0.05556	0.05051	0.07576	0.0404	0.07071	0.06061	0.0303	0.05556	0.0404	0.08081	0.06566	0.05556	0.07071	0.07576	0.07071	0.07071	0.07071	0.06566	0.09596	0.05051	0.06566	0.07576	0.06061	0.05051	0.07576	0.05051	0.06566	0.04545	0.03535	0.10101	0.05556	0.06566	0.09091	0.07576	0.07576	0.08081	0.06061	0.06566	0.09091	0.08081	0.0404	0.04545	0.05051	0.08081	0.05556	0.08081	0.05051	0.08586	0.10101	0.07576	0.04545	0.07576	0.04545	0.05556	0.05051	0.08586	0.04545	0.05556	0.09091	0.08081	0.07071	0.06061	0.04545	0.07071	0.07071	0.06061	0.06061	0.0404	0.05051	0.05051	0.05051	0.07071	0.07071	0.06061	0.0404	0.04545	0.07071	0.06061	0.06566	0.05051	0.09091	0.04545	0.05556	0.05556	0.08081	0.0404	0.09091	0.07071	0.0404	0.0404	0.0303	0.06061	0.02525	0.07071	0.06061	0.04545	0.07576	0.08081	0.05051	0.03535	0.05556	0.04545	0.06566	0.05556	0.06566	0.0404	0.07576
"CT"	0.04545	0.07071	0.07071	0.06566	0.07071	0.05556	0.05556	0.04545	0.07071	0.09091	0.05051	0.07576	0.03535	0.06566	0.05556	0.07576	0.07576	0.06061	0.07071	0.05556	0.05051	0.0404	0.05051	0.0404	0.0303	0.0404	0.06061	0.07071	0.07071	0.05051	0.0404	0.04545	0.0202	0.05051	0.05051	0.08081	0.03535	0.06061	0.03535	0.05051	0.05556	0.05051	0.05051	0.06566	0.0404	0.0404	0.06061	0.05556	0.06061	0.06061	0.05556	0.09091	0.0303	0.05051	0.0404	0.06566	0.04545	0.0202	0.04545	0.06061	0.0404	0.03535	0.03535	0.06061	0.08081	0.03535	0.05556	0.03535	0.0303	0.06566	0.0202	0.04545	0.06566	0.05556	0.0404	0.01515	0.03535	0.0404	0.05051	0.0404	0.04545	0.04545	0.05556	0.07071	0.05556	0.05051	0.06566	0.03535	0.07071	0.06566	0.06061	0.02525	0.05051	0.05051	0.03535	0.04545	0.04545	0.05051	0.05051	0.06566	0.0404	0.07576	0.0404	0.05051	0.05051	0.0404	0.05051	0.07576	0.07071	0.07576	0.05051	0.03535	0.04545	0.06566	0.05556	0.06566	0.03535	0.05556	0.0404	0.05556	0.05051	0.05556	0.0303	0.0404	0.06061	0.04545	0.05556	0.0303	0.05051	0.05556	0.05051	0.0202	0.05556	0.03535	0.06061	0.04545	0.06061	0.0404	0.06061	0.06061	0.04545	0.0404	0.05556	0.08586	0.05051	0.03535	0.06061	0.06566	0.0404	0.04545	0.05051	0.0202	0.04545	0.05051	0.07576	0.09091	0.07576	0.06566	0.04545	0.05556	0.05556	0.07071	0.06566	0.06061	0.05051	0.04545	0.03535	0.07576	0.05556	0.06061	0.04545	0.05556	0.0303	0.0303	0.0404	0.05556	0.04545	0.02525	0.05556	0.0404	0.06566	0.0202	0.05051	0.03535	0.06566	0.05051	0.05556	0.05051	0.0404	0.03535	0.05051	0.03535	0.0404	0.06566	0.08081	0.06566	0.05556	0.06061	0.07576	0.06061
"CC"	0.10101	0.11111	0.10606	0.10101	0.12121	0.11111	0.11616	0.10101	0.12626	0.10101	0.10101	0.10606	0.11111	0.16667	0.11111	0.10101	0.10101	0.11111	0.11111	0.11111	0.11111	0.10606	0.10606	0.10101	0.10101	0.10101	0.10606	0.10606	0.10606	0.10101	0.10606	0.12626	0.10606	0.12626	0.11616	0.10101	0.11616	0.10606	0.10101	0.12626	0.13131	0.11616	0.10606	0.10606	0.10101	0.11111	0.11616	0.10101	0.11616	0.10606	0.11616	0.10606	0.13636	0.11616	0.10101	0.11111	0.10606	0.12121	0.10101	0.10101	0.11616	0.10606	0.11616	0.12121	0.10101	0.10101	0.10101	0.10606	0.10606	0.11616	0.10606	0.11111	0.11111	0.11616	0.14141	0.15152	0.10606	0.13131	0.13636	0.12626	0.14646	0.17172	0.10101	0.11616	0.10101	0.10101	0.11111	0.10101	0.12121	0.12626	0.10101	0.11111	0.10606	0.12626	0.13131	0.11111	0.15152	0.12626	0.11111	0.10101	0.13636	0.10606	0.10101	0.10606	0.10606	0.10606	0.12121	0.12626	0.12121	0.10101	0.10606	0.11111	0.10606	0.13636	0.10606	0.13131	0.12626	0.11111	0.12626	0.10101	0.10606	0.10606	0.11616	0.10606	0.12626	0.10101	0.10101	0.11111	0.11111	0.11111	0.10606	0.10101	0.12121	0.11111	0.11111	0.12121	0.11616	0.10101	0.10606	0.10606	0.11111	0.10101	0.11111	0.11616	0.10606	0.10101	0.11111	0.10101	0.10101	0.12121	0.11111	0.12626	0.13131	0.11616	0.10606	0.12121	0.10606	0.10606	0.12626	0.10606	0.11111	0.10101	0.12626	0.13636	0.10101	0.10606	0.11111	0.10101	0.10606	0.10101	0.10101	0.10101	0.10101	0.14141	0.13636	0.11111	0.12626	0.16667	0.10101	0.10606	0.11111	0.13131	0.11111	0.14141	0.11111	0.10606	0.12121	0.10606	0.11616	0.12121	0.10101	0.13131	0.12626	0.10101	0.13636	0.11616	0.10101	0.12121	0.10101	0.10101
"CG"	0.07071	0.13131	0.0303	0.0404	0.06061	0.05051	0.12121	0.08081	0.0404	0.12121	0.0202	0.09091	0.10101	0.06061	0.08081	0.07071	0.07071	0.08081	0.07071	0.09091	0.08081	0.0404	0.10101	0.11111	0.13131	0.05051	0.06061	0.08081	0.0404	0.07071	0.06061	0.08081	0.09091	0.10101	0.0303	0.05051	0.14141	0.11111	0.17172	0.17172	0.07071	0.0303	0.07071	0.06061	0.0303	0.12121	0.08081	0.08081	0.0404	0.05051	0.10101	0.0404	0.0303	0.10101	0.0202	0.05051	0.10101	0.11111	0.0202	0.11111	0.07071	0.0404	0.09091	0.07071	0.05051	0.11111	0.11111	0.08081	0.09091	0.0202	0.11111	0.07071	0.06061	0.10101	0.07071	0.06061	0.06061	0.0404	0.15152	0.09091	0.11111	0.14141	0.08081	0.06061	0.09091	0.08081	0.0404	0.07071	0.09091	0.05051	0.0404	0.0404	0.0101	0.05051	0.13131	0.0303	0.08081	0.09091	0.07071	0.05051	0.10101	0.0404	0.0404	0.05051	0.08081	0.09091	0.0101	0.10101	0.0303	0.0404	0.08081	0.06061	0.05051	0.06061	0.0303	0.0404	0.08081	0.05051	0.08081	0.0404	0.06061	0.09091	0.05051	0.09091	0.07071	0.0404	0	0.10101	0.07071	0.08081	0.06061	0.05051	0.05051	0.11111	0.08081	0.06061	0.06061	0.06061	0.07071	0.05051	0.0303	0.05051	0.10101	0.06061	0.07071	0.09091	0.08081	0.07071	0.07071	0.10101	0.05051	0.09091	0.07071	0.05051	0.07071	0.05051	0.0404	0.0303	0.10101	0.06061	0.08081	0.05051	0.10101	0.07071	0.08081	0.05051	0.07071	0.0303	0.08081	0.0303	0.07071	0.06061	0.11111	0.07071	0.12121	0.11111	0.09091	0.09091	0.09091	0.06061	0.05051	0.15152	0.14141	0.12121	0.06061	0.11111	0.08081	0.07071	0.08081	0.10101	0.05051	0.09091	0.11111	0.08081	0.05051	0.07071	0.06061	0.09091	0.05051	0.05051
"G"	0.29	0.335	0.275	0.285	0.32	0.305	0.34	0.3	0.32	0.35	0.255	0.32	0.3	0.35	0.295	0.315	0.32	0.325	0.305	0.295	0.31	0.235	0.305	0.335	0.315	0.245	0.28	0.31	0.28	0.27	0.265	0.315	0.28	0.34	0.26	0.275	0.35	0.345	0.35	0.39	0.32	0.285	0.29	0.29	0.26	0.33	0.31	0.28	0.26	0.29	0.32	0.285	0.27	0.315	0.235	0.29	0.3	0.32	0.225	0.31	0.3	0.245	0.325	0.325	0.31	0.305	0.33	0.275	0.285	0.275	0.3	0.27	0.295	0.335	0.305	0.335	0.27	0.285	0.38	0.335	0.365	0.4	0.3	0.31	0.315	0.28	0.29	0.28	0.335	0.305	0.275	0.245	0.25	0.28	0.345	0.26	0.315	0.345	0.29	0.245	0.335	0.27	0.26	0.275	0.29	0.305	0.26	0.375	0.29	0.285	0.3	0.305	0.255	0.325	0.265	0.3	0.29	0.29	0.295	0.26	0.265	0.285	0.3	0.29	0.32	0.28	0.24	0.325	0.31	0.305	0.28	0.26	0.31	0.295	0.295	0.28	0.32	0.255	0.32	0.265	0.27	0.3	0.345	0.305	0.305	0.27	0.305	0.285	0.3	0.31	0.27	0.325	0.33	0.295	0.31	0.305	0.29	0.27	0.33	0.285	0.29	0.27	0.34	0.32	0.3	0.27	0.275	0.25	0.29	0.26	0.275	0.28	0.295	0.335	0.345	0.335	0.32	0.365	0.285	0.295	0.295	0.345	0.34	0.33	0.295	0.29	0.325	0.29	0.28	0.34	0.29	0.305	0.315	0.3	0.31	0.32	0.27	0.335	0.265	0.29
"GA"	0.0404	0.10606	0.09091	0.08081	0.08586	0.0404	0.08081	0.06566	0.04545	0.07576	0.04545	0.08586	0.04545	0.04545	0.06566	0.05556	0.06566	0.06566	0.07071	0.07071	0.04545	0.05051	0.05556	0.0404	0.0404	0.06061	0.07576	0.06566	0.08081	0.07576	0.04545	0.03535	0.06061	0.06061	0.06566	0.08081	0.03535	0.06061	0.08081	0.05051	0.03535	0.04545	0.07071	0.08586	0.03535	0.08081	0.06061	0.05556	0.03535	0.06061	0.05556	0.06566	0.05051	0.06566	0.04545	0.05051	0.08081	0.04545	0.03535	0.08586	0.05556	0.0404	0.06061	0.06566	0.05556	0.08081	0.04545	0.0404	0.05556	0.07071	0.05556	0.06566	0.07071	0.06566	0.08081	0.0404	0.04545	0.04545	0.02525	0.02525	0.06566	0.04545	0.04545	0.06566	0.07071	0.08081	0.06566	0.0202	0.06061	0.05051	0.07576	0.04545	0.0303	0.02525	0.05051	0.05051	0.06061	0.04545	0.06061	0.06566	0.07576	0.05051	0.05051	0.06566	0.07576	0.05051	0.08586	0.0303	0.06061	0.05051	0.06061	0.03535	0.07071	0.06566	0.04545	0.05556	0.0303	0.04545	0.03535	0.06061	0.04545	0.05556	0.0303	0.07071	0.06061	0.05051	0.0303	0.07071	0.05556	0.04545	0.0404	0.06061	0.05051	0.0303	0.04545	0.06566	0.04545	0.06566	0.0404	0.03535	0.03535	0.05556	0.05051	0.06566	0.03535	0.04545	0.06566	0.06061	0.0404	0.06566	0.05051	0.0303	0.0404	0.04545	0.07071	0.06566	0.0404	0.05556	0.06566	0.07576	0.04545	0.05051	0.06566	0.06061	0.04545	0.0202	0.05556	0.07576	0.07071	0.06566	0.07071	0.06566	0.07071	0.0202	0.06566	0.06566	0.06061	0.03535	0.07071	0.05051	0.06061	0.0303	0.07576	0.03535	0.04545	0.08081	0.06566	0.07576	0.06566	0.06061	0.05051	0.04545	0.08081	0.05556	0.05556	0.07576	0.05556	0.05556	0.06061	0.05051
"GT"	0.08081	0.04545	0.0404	0.03535	0.04545	0.06061	0.05556	0.06566	0.06566	0.0303	0.07071	0.0303	0.04545	0.04545	0.05556	0.04545	0.04545	0.06061	0.0303	0.07071	0.05051	0.06566	0.06566	0.07576	0.04545	0.04545	0.05051	0.05556	0.0404	0.08081	0.07576	0.06061	0.05051	0.06061	0.06061	0.05556	0.05051	0.05051	0.08081	0.05051	0.07576	0.06566	0.04545	0.03535	0.07071	0.05051	0.05556	0.05556	0.06566	0.07071	0.03535	0.05556	0.0303	0.04545	0.07071	0.05556	0.07576	0.08586	0.05556	0.06566	0.08586	0.07071	0.06566	0.07071	0.05556	0.03535	0.05051	0.0303	0.05556	0.07071	0.04545	0.05556	0.05556	0.02525	0.03535	0.04545	0.05556	0.05556	0.04545	0.04545	0.05051	0.04545	0.07576	0.06566	0.06566	0.07071	0.09091	0.06061	0.03535	0.04545	0.07071	0.06061	0.06566	0.0404	0.06061	0.05556	0.0404	0.04545	0.05556	0.0303	0.05556	0.06566	0.05556	0.05051	0.06061	0.06061	0.04545	0.0303	0.09596	0.06061	0.06566	0.06566	0.0404	0.06061	0.07071	0.06061	0.06566	0.08081	0.07576	0.08081	0.06566	0.04545	0.10101	0.03535	0.02525	0.06566	0.06061	0.08586	0.06061	0.05556	0.0404	0.07071	0.06061	0.05051	0.0303	0.0404	0.05051	0.07071	0.05556	0.06566	0.04545	0.04545	0.05556	0.0303	0.04545	0.04545	0.07071	0.06061	0.06061	0.05556	0.07576	0.04545	0.06566	0.06566	0.05051	0.0303	0.0404	0.04545	0.08081	0.06566	0.04545	0.06061	0.0404	0.05556	0.07576	0.05556	0.05556	0.03535	0.06061	0.06566	0.04545	0.06061	0.04545	0.10101	0.0404	0.06566	0.04545	0.05051	0.06061	0.07071	0.06566	0.0202	0.06566	0.06566	0.05556	0.07071	0.05051	0.07071	0.0303	0.07071	0.07071	0.06061	0.0404	0.07071	0.0202	0.09091	0.0404	0.0404	0.02525	0.05051
"GC"	0.07071	0.07071	0.0404	0.07071	0.07071	0.09091	0.09091	0.07071	0.08081	0.14141	0.0404	0.10101	0.10101	0.09091	0.06061	0.11111	0.10101	0.09091	0.09091	0.0404	0.10101	0.0101	0.08081	0.11111	0.13131	0.0404	0.05051	0.08081	0.05051	0.0101	0.0404	0.09091	0.06061	0.09091	0.0202	0.0404	0.15152	0.13131	0.08081	0.16162	0.08081	0.06061	0.06061	0.06061	0.05051	0.09091	0.08081	0.07071	0.0404	0.05051	0.11111	0.06061	0.05051	0.09091	0.0202	0.07071	0.0404	0.07071	0.0303	0.06061	0.0404	0.0202	0.08081	0.07071	0.09091	0.09091	0.13131	0.10101	0.07071	0.0202	0.09091	0.0404	0.06061	0.13131	0.05051	0.10101	0.06061	0.05051	0.17172	0.14141	0.10101	0.14141	0.07071	0.06061	0.08081	0.0303	0.0202	0.09091	0.12121	0.08081	0.0303	0.0303	0.05051	0.09091	0.10101	0.0404	0.06061	0.13131	0.06061	0.05051	0.07071	0.05051	0.05051	0.05051	0.05051	0.09091	0.0101	0.19192	0.0101	0.07071	0.07071	0.09091	0.0404	0.06061	0.0404	0.05051	0.07071	0.05051	0.06061	0.0202	0.05051	0.07071	0.05051	0.08081	0.11111	0.06061	0.05051	0.06061	0.08081	0.09091	0.09091	0.0303	0.08081	0.10101	0.10101	0.05051	0.11111	0.0202	0.12121	0.06061	0.08081	0.10101	0.13131	0.09091	0.12121	0.08081	0.05051	0.06061	0.10101	0.06061	0.0303	0.12121	0.09091	0.07071	0.08081	0.09091	0.10101	0.06061	0.06061	0.0404	0.09091	0.06061	0.11111	0.07071	0.08081	0.09091	0.05051	0.0404	0.05051	0.0202	0.06061	0.05051	0.08081	0.07071	0.10101	0.09091	0.09091	0.11111	0.05051	0.07071	0.05051	0.16162	0.09091	0.09091	0.08081	0.0303	0.09091	0.0404	0.07071	0.09091	0.07071	0.07071	0.07071	0.07071	0.10101	0.0404	0.07071	0.11111	0.07071	0.09091
"GG"	0.10101	0.11111	0.10606	0.10101	0.12121	0.11111	0.11616	0.10101	0.12626	0.10101	0.10101	0.10606	0.11111	0.16667	0.11111	0.10101	0.10101	0.11111	0.11111	0.11111	0.11111	0.10606	0.10606	0.10101	0.10101	0.10101	0.10606	0.10606	0.10606	0.10101	0.10606	0.12626	0.10606	0.12626	0.11616	0.10101	0.11616	0.10606	0.10101	0.12626	0.13131	0.11616	0.10606	0.10606	0.10101	0.11111	0.11616	0.10101	0.11616	0.10606	0.11616	0.10606	0.13636	0.11616	0.10101	0.11111	0.10606	0.12121	0.10101	0.10101	0.11616	0.10606	0.11616	0.12121	0.10101	0.10101	0.10101	0.10606	0.10606	0.11616	0.10606	0.11111	0.11111	0.11616	0.14141	0.15152	0.10606	0.13131	0.13636	0.12626	0.14646	0.17172	0.10101	0.11616	0.10101	0.10101	0.11111	0.10101	0.12121	0.12626	0.10101	0.11111	0.10606	0.12626	0.13131	0.11111	0.15152	0.12626	0.11111	0.10101	0.13636	0.10606	0.10101	0.10606	0.10606	0.10606	0.12121	0.12626	0.12121	0.10101	0.10606	0.11111	0.10606	0.13636	0.10606	0.13131	0.12626	0.11111	0.12626	0.10101	0.10606	0.10606	0.11616	0.10606	0.12626	0.10101	0.10101	0.11111	0.11111	0.11111	0.10606	0.10101	0.12121	0.11111	0.11111	0.12121	0.11616	0.10101	0.10606	0.10606	0.11111	0.10101	0.11111	0.11616	0.10606	0.10101	0.11111	0.10101	0.10101	0.12121	0.11111	0.12626	0.13131	0.11616	0.10606	0.12121	0.10606	0.10606	0.12626	0.10606	0.11111	0.10101	0.12626	0.13636	0.10101	0.10606	0.11111	0.10101	0.10606	0.10101	0.10101	0.10101	0.10101	0.14141	0.13636	0.11111	0.12626	0.16667	0.10101	0.10606	0.11111	0.13131	0.11111	0.14141	0.11111	0.10606	0.12121	0.10606	0.11616	0.12121	0.10101	0.13131	0.12626	0.10101	0.13636	0.11616	0.10101	0.12121	0.10101	0.10101
