"Matrix"	"NW_018066353.1_12"	"NW_018055967.1_1706"	"NW_018037548.1_39"	"NW_018044874.1_131"	"NW_018079247.1_182"	"NW_018057534.1_344"	"NW_018073118.1_234"	"NW_018056289.1_589"	"NW_018039265.1_768"	"NW_018036392.1_601"	"NW_018080322.1_145"	"NW_018027983.1_383"	"NW_018063124.1_332"	"NW_018029377.1_2519"	"NW_018075329.1_424"	"NW_018078235.1_75"	"NW_018044083.1_41"	"NW_018032938.1_93"	"NW_018028981.1_974"	"NW_018057579.1_119"	"NW_018060038.1_661"	"NW_018055959.1_2617"	"NW_018031562.1_2089"	"NW_018084077.1_59"	"NW_018056369.1_424"	"NW_018065045.1_1168"	"NW_018040010.1_296"	"NW_018080763.1_173"	"NW_018027983.1_5112"	"NW_018050773.1_237"	"NW_018080194.1_419"	"NW_018036949.1_1441"	"NW_018059267.1_56"	"NW_018041677.1_240"	"NW_018063707.1_3171"	"NW_018029198.1_119"	"NW_018028811.1_1003"	"NW_018048420.1_155"	"NW_018072388.1_9"	"NW_018083198.1_197"	"NW_018072884.1_1301"	"NW_018058940.1_1717"	"NW_018061614.1_76"	"NW_018034928.1_553"	"NW_018029998.1_3314"	"NW_018064359.1_2275"	"NW_018056326.1_6414"	"NW_018029895.1_2102"	"NW_018033617.1_500"	"NW_018041850.1_253"	"NW_018070410.1_263"	"NW_018066101.1_44"	"NW_018028806.1_1251"	"NW_018039843.1_45"	"NW_018041076.1_1069"	"NW_018063304.1_285"	"NW_018060622.1_82"	"NW_018083651.1_214"	"NW_018077961.1_217"	"NW_018041644.1_244"	"NW_018076552.1_44"	"NW_018028333.1_1987"	"NW_018032201.1_1135"	"NW_018040343.1_817"	"NW_018035304.1_416"	"NW_018075638.1_875"	"NW_018069264.1_3702"	"NW_018037657.1_1196"	"NW_018075995.1_363"	"NW_018064001.1_180"	"NW_018063894.1_11"	"NW_018031108.1_11"	"NW_018065084.1_676"	"NW_018037235.1_1182"	"NW_018067292.1_102"	"NW_018061073.1_30"	"NW_018060029.1_1690"	"NW_018038109.1_521"	"NW_018060612.1_847"	"NW_018068582.1_2306"	"NW_018084021.1_10"	"NW_018035623.1_751"	"NW_018034615.1_32"	"NW_018060944.1_4966"	"NW_018064198.1_20"	"NW_018032104.1_851"	"NW_018040504.1_207"	"NW_018031108.1_148"	"NW_018028696.1_1115"	"NW_018063857.1_239"	"NW_018084117.1_66"	"NW_018046814.1_50"	"NW_018071251.1_953"	"NW_018034569.1_713"	"NW_018031098.1_102"	"NW_018030448.1_98"	"NW_018042612.1_867"	"NW_018052370.1_135"	"NW_018040609.1_93"	"NW_018035620.1_802"	"NW_018029689.1_3394"	"NW_018031083.1_1623"	"NW_018065665.1_745"	"NW_018040516.1_232"	"NW_018040128.1_219"	"NW_018047159.1_195"	"NW_018047570.1_252"	"NW_018028759.1_790"	"NW_018042402.1_3"	"NW_018072179.1_1757"	"NW_018028151.1_2762"	"NW_018055862.1_1227"	"NW_018047652.1_128"	"NW_018034540.1_531"	"NW_018075967.1_432"	"NW_018031456.1_2557"	"NW_018037200.1_801"	"NW_018030052.1_544"	"NW_018034914.1_577"	"NW_018056704.1_1538"	"NW_018083408.1_2"	"NW_018057594.1_93"	"NW_018043805.1_135"	"NW_018047159.1_430"	"NW_018038715.1_199"	"NW_018046178.1_237"	"NW_018073226.1_1856"	"NW_018047610.1_234"	"NW_018051155.1_197"	"NW_018047159.1_296"	"NW_018055861.1_204"	"NW_018036482.1_224"	"NW_018036826.1_38"	"NW_018038475.1_599"	"NW_018038266.1_3"	"NW_018030567.1_414"	"NW_018060600.1_3496"	"NW_018044175.1_81"	"NW_018043975.1_331"	"NW_018070676.1_1113"	"NW_018062983.1_2192"	"NW_018036906.1_712"	"NW_018035064.1_540"	"NW_018030576.1_1573"	"NW_018029708.1_977"	"NW_018028467.1_2178"	"NW_018046534.1_88"	"NW_018082414.1_68"	"NW_018033037.1_855"	"NW_018060047.1_469"	"NW_018037476.1_459"	"NW_018057689.1_464"	"NW_018031669.1_160"	"NW_018054523.1_8"	"NW_018056405.1_1271"	"NW_018060646.1_85"	"NW_018073557.1_323"	"NW_018035945.1_1461"	"NW_018034291.1_46"	"NW_018050121.1_238"	"NW_018036437.1_1471"	"NW_018080482.1_494"	"NW_018070124.1_283"	"NW_018071391.1_53"	"NW_018034635.1_1605"	"NW_018033247.1_541"	"NW_018077488.1_38"	"NW_018059237.1_2860"	"NW_018029469.1_3198"	"NW_018038416.1_674"	"NW_018036902.1_876"	"NW_018027835.1_2764"	"NW_018075638.1_897"	"NW_018027500.1_377"	"NW_018071250.1_302"	"NW_018076118.1_1157"	"NW_018038183.1_251"	"NW_018051704.1_184"	"NW_018038947.1_754"	"NW_018029329.1_3568"	"NW_018028897.1_4001"	"NW_018047627.1_102"	"NW_018051193.1_223"	"NW_018028423.1_292"	"NW_018030810.1_576"	"NW_018063170.1_1904"	"NW_018033710.1_1862"	"NW_018039245.1_27"	"NW_018069746.1_23"	"NW_018035462.1_877"	"NW_018031651.1_2377"	"NW_018072569.1_41"	"NW_018053800.1_82"	"NW_018078350.1_22"	"NW_018076637.1_2115"	"NW_018081396.1_32"	"NW_018029319.1_298"	"NW_018027350.1_7979"	"NW_018033478.1_69"	"NW_018032197.1_910"
"A"	0.155	0.195	0.24	0.22	0.21	0.265	0.24	0.18	0.2	0.255	0.215	0.195	0.205	0.235	0.23232	0.235	0.195	0.17	0.215	0.18182	0.19	0.215	0.22	0.155	0.23	0.235	0.23	0.22	0.25	0.215	0.235	0.225	0.175	0.225	0.16	0.21	0.225	0.265	0.215	0.215	0.24	0.23	0.155	0.255	0.21	0.23	0.2	0.215	0.24	0.23	0.195	0.15	0.23	0.205	0.20202	0.215	0.125	0.215	0.24	0.22	0.105	0.215	0.235	0.22727	0.19	0.185	0.22	0.22	0.22	0.23	0.225	0.195	0.23	0.215	0.2	0.235	0.255	0.215	0.245	0.25	0.14	0.2	0.24	0.19	0.24	0.22165	0.22	0.26	0.27	0.24	0.12	0.21	0.23	0.18	0.235	0.215	0.18	0.24	0.22	0.225	0.2	0.235	0.23	0.195	0.23	0.16	0.255	0.195	0.135	0.24	0.2	0.225	0.16667	0.26	0.245	0.21	0.205	0.195	0.26	0.235	0.23	0.14	0.235	0.255	0.2	0.22	0.235	0.145	0.215	0.23	0.195	0.195	0.25	0.22	0.21	0.29	0.235	0.26	0.245	0.16667	0.245	0.2	0.215	0.175	0.255	0.26	0.235	0.225	0.225	0.25	0.21	0.245	0.195	0.165	0.235	0.21	0.24	0.225	0.235	0.16	0.23	0.225	0.2	0.205	0.215	0.205	0.195	0.215	0.2	0.19697	0.235	0.175	0.17	0.21	0.22	0.23	0.205	0.19	0.21	0.225	0.19	0.235	0.22	0.25	0.18	0.25	0.195	0.19	0.185	0.235	0.245	0.22	0.17	0.205	0.21	0.22	0.215	0.235	0.22222	0.2
"AA"	0.0101	0.0404	0.05556	0.04545	0.0202	0.10101	0.05051	0.02525	0.0303	0.04545	0.0404	0.04545	0.0404	0.04545	0.05102	0.06566	0.02525	0.0303	0.00505	0.03061	0.0202	0.06061	0.0303	0.05051	0.04545	0.04545	0.06566	0.05556	0.08081	0.06566	0.05556	0.03535	0.00505	0.05556	0.03535	0.04545	0.06566	0.11111	0.05556	0.05051	0.06061	0.06061	0.0202	0.13131	0.03535	0.05051	0.04545	0.05051	0.04545	0.0404	0.05051	0.0404	0.07071	0.05556	0.03571	0.0404	0.01515	0.02525	0.06566	0.05051	0	0.0303	0.05051	0.05102	0.0202	0.04545	0.06061	0.0202	0.06566	0.02525	0.07576	0.06061	0.07071	0.04545	0.05051	0.05556	0.09091	0.04545	0.04545	0.05051	0.0303	0.02525	0.05051	0.02525	0.0303	0.05208	0.04545	0.07071	0.09091	0.06061	0.0101	0.04545	0.05051	0.0303	0.04545	0.04545	0.0303	0.07071	0.05051	0.0404	0.0202	0.04545	0.06061	0.02525	0.07071	0.0303	0.07576	0.0404	0.0101	0.05051	0.06061	0.05051	0.0102	0.07071	0.06061	0.0404	0.03535	0.0303	0.06061	0.0404	0.03535	0.0303	0.07576	0.09091	0.0404	0.0404	0.0404	0.01515	0.04545	0.10606	0.0404	0.0404	0.09091	0.05556	0.0303	0.11616	0.05556	0.08586	0.08081	0.02041	0.05556	0.03535	0.04545	0.00505	0.06566	0.09091	0.07576	0.0404	0.05051	0.08586	0.06566	0.06566	0.02525	0.0101	0.07071	0.0404	0.0404	0.05051	0.08586	0.0202	0.04545	0.05051	0.0404	0.04545	0.06061	0.0202	0.0303	0.0202	0.0404	0.01531	0.0404	0.0202	0.0101	0.05556	0.05556	0.04545	0.0303	0.02525	0.02525	0.0303	0.02525	0.05051	0.07071	0.0404	0.01515	0.06566	0.06061	0.0101	0.06061	0.04545	0.08081	0.05051	0.0303	0.05051	0.0404	0.06566	0.06566	0.04545	0.05102	0.0303
"AT"	0.0303	0.0303	0.06061	0.0303	0.06061	0.0202	0.07071	0.0404	0.06061	0.08081	0.0404	0	0.0202	0.07071	0.05102	0.09091	0	0.0101	0.05051	0	0.0303	0.0303	0.0404	0.0101	0.0303	0.06061	0.0404	0.08081	0.08081	0.0404	0.06061	0.0404	0.0101	0.0303	0.0202	0.0303	0.06061	0.0202	0.0404	0.05051	0.08081	0.06061	0	0.0303	0.05051	0.0303	0.0303	0.0202	0.06061	0.06061	0.0101	0.0101	0.06061	0.0404	0.0102	0.0404	0	0.06061	0.0404	0.05051	0.0101	0.08081	0.09091	0.09184	0.0303	0.0404	0.0303	0.0202	0.05051	0.08081	0.0404	0.0101	0.0303	0.0404	0.0101	0.0303	0.05051	0.07071	0.10101	0.08081	0	0.0404	0.09091	0.0303	0.08081	0.05208	0.05051	0.09091	0.11111	0.07071	0	0.0303	0.06061	0.0404	0.07071	0.0303	0.0101	0.08081	0.06061	0.0404	0.0303	0.06061	0.05051	0.0303	0.05051	0	0.08081	0.0404	0.0101	0.06061	0.0202	0.05051	0.04082	0.08081	0.06061	0.0202	0.0404	0.06061	0.08081	0.05051	0.09091	0	0.07071	0.07071	0.0404	0.06061	0.0303	0.0202	0.05051	0.0404	0.0303	0.07071	0.0404	0.06061	0.0404	0.05051	0.05051	0.08081	0.0303	0	0.07071	0.0404	0.0404	0.07071	0.10101	0.06061	0.0404	0.06061	0.08081	0.05051	0.07071	0.06061	0.0303	0.0101	0.0404	0.06061	0.06061	0.07071	0.0202	0.0303	0.06061	0.05051	0.0101	0.0303	0.08081	0.06061	0.05051	0.0303	0.0202	0.04082	0.07071	0.0404	0.06061	0.0303	0.0404	0.07071	0.0404	0.0202	0.0303	0.06061	0.0303	0.09091	0.05051	0.10101	0.0303	0.07071	0.0404	0.05051	0.0404	0.06061	0.0303	0.0303	0.0202	0.0404	0.0303	0.06061	0.0404	0.08081	0.05102	0.0404
"AC"	0.04545	0.05556	0.02525	0.05556	0.07576	0.08081	0.0303	0.04545	0.07071	0.05556	0.06061	0.06061	0.07071	0.01515	0.07143	0.0202	0.06566	0.06566	0.08081	0.07653	0.05556	0.06061	0.05556	0.06061	0.07576	0.02525	0.05051	0.0303	0.0404	0.0303	0.06061	0.06061	0.04545	0.05051	0.0404	0.05051	0.03535	0.06061	0.05051	0.04545	0.05051	0.0404	0.0303	0.03535	0.05051	0.05051	0.07071	0.06566	0.07576	0.05556	0.08586	0.04545	0.01515	0.06061	0.07143	0.07071	0.07071	0.0303	0.07071	0.05556	0.05051	0.0404	0.03535	0.02551	0.05556	0.03535	0.05051	0.02525	0.05051	0.08081	0.02525	0.06061	0.04545	0.08081	0.05556	0.06566	0.05051	0.05556	0.04545	0.06061	0.05556	0.0202	0.04545	0.05556	0.06566	0.07812	0.04545	0.0404	0.02525	0.05556	0.07071	0.07071	0.06566	0.05556	0.06566	0.07576	0.06566	0.03535	0.02525	0.0404	0.06061	0.06061	0.04545	0.08081	0.04545	0.0404	0.05051	0.0404	0.07576	0.07071	0.03535	0.04545	0.06122	0.06061	0.04545	0.06566	0.06061	0.0303	0.06566	0.05051	0.06061	0.05051	0.0404	0.05556	0.05556	0.05556	0.06061	0.05556	0.05556	0.03535	0.0404	0.05051	0.0404	0.05051	0.05051	0.03535	0.06566	0.02525	0.06566	0.08673	0.01515	0.0404	0.06061	0.06566	0.03535	0.04545	0.04545	0.05556	0.0303	0.05051	0.0404	0.0202	0.05556	0.04545	0.05051	0.06566	0.05556	0.0404	0.07576	0.06566	0.04545	0.05051	0.06566	0.06566	0.03535	0.03535	0.03535	0.09596	0.05556	0.06633	0.02525	0.04545	0.0303	0.07071	0.06061	0.05051	0.0404	0.06061	0.07071	0.06566	0.06061	0.04545	0.06566	0.06061	0.05051	0.0202	0.02525	0.05556	0.01515	0.06061	0.06061	0.06566	0.02525	0.0404	0.06566	0.05556	0.0202	0.04545	0.04082	0.05556
"AG"	0.07071	0.06566	0.10101	0.08081	0.05556	0.06566	0.09091	0.07071	0.03535	0.06566	0.06566	0.08081	0.07576	0.10101	0.06122	0.06061	0.10606	0.06566	0.08081	0.07653	0.08586	0.06061	0.09596	0.03535	0.07071	0.10606	0.07071	0.05556	0.04545	0.07576	0.06061	0.09091	0.11111	0.09091	0.06566	0.08586	0.06061	0.07071	0.06566	0.07071	0.04545	0.07071	0.10606	0.05556	0.07576	0.09596	0.05556	0.07576	0.05556	0.07071	0.05051	0.05556	0.08081	0.05051	0.08673	0.06566	0.0404	0.10101	0.06566	0.06566	0.04545	0.06566	0.06061	0.05612	0.08586	0.06566	0.07576	0.15152	0.05556	0.04545	0.08586	0.06566	0.08081	0.05051	0.08081	0.08586	0.06566	0.04545	0.05051	0.05556	0.05556	0.11616	0.05051	0.07576	0.06566	0.03646	0.07576	0.06061	0.0404	0.05051	0.0404	0.06061	0.05556	0.05556	0.05556	0.05556	0.07576	0.05051	0.08081	0.10606	0.08586	0.07071	0.07071	0.05556	0.06566	0.09091	0.05051	0.07576	0.0404	0.05556	0.08586	0.08081	0.05612	0.05051	0.07071	0.08081	0.07071	0.07071	0.05051	0.09596	0.0404	0.06061	0.04545	0.0303	0.05556	0.06566	0.10101	0.05051	0.05556	0.04545	0.08586	0.03535	0.07576	0.05051	0.08586	0.08081	0.06061	0.07071	0.07071	0.06122	0.10101	0.08081	0.07071	0.03535	0.05556	0.06566	0.07576	0.07071	0.06566	0.06566	0.03535	0.10101	0.08586	0.09596	0.07576	0.04545	0.07576	0.06061	0.05556	0.04545	0.08081	0.07071	0.08081	0.06566	0.0404	0.09091	0.08081	0.06566	0.08586	0.07653	0.10101	0.06061	0.07071	0.05051	0.06061	0.06061	0.09091	0.08586	0.08081	0.06566	0.07576	0.04545	0.0303	0.05051	0.08586	0.09596	0.07071	0.07071	0.06566	0.06566	0.07576	0.07071	0.09596	0.07576	0.07071	0.03535	0.09091	0.06566	0.08163	0.07576
"T"	0.155	0.195	0.24	0.22	0.21	0.265	0.24	0.18	0.2	0.255	0.215	0.195	0.205	0.235	0.23232	0.235	0.195	0.17	0.215	0.18182	0.19	0.215	0.22	0.155	0.23	0.235	0.23	0.22	0.25	0.215	0.235	0.225	0.175	0.225	0.16	0.21	0.225	0.265	0.215	0.215	0.24	0.23	0.155	0.255	0.21	0.23	0.2	0.215	0.24	0.23	0.195	0.15	0.23	0.205	0.20202	0.215	0.125	0.215	0.24	0.22	0.105	0.215	0.235	0.22727	0.19	0.185	0.22	0.22	0.22	0.23	0.225	0.195	0.23	0.215	0.2	0.235	0.255	0.215	0.245	0.25	0.14	0.2	0.24	0.19	0.24	0.22165	0.22	0.26	0.27	0.24	0.12	0.21	0.23	0.18	0.235	0.215	0.18	0.24	0.22	0.225	0.2	0.235	0.23	0.195	0.23	0.16	0.255	0.195	0.135	0.24	0.2	0.225	0.16667	0.26	0.245	0.21	0.205	0.195	0.26	0.235	0.23	0.14	0.235	0.255	0.2	0.22	0.235	0.145	0.215	0.23	0.195	0.195	0.25	0.22	0.21	0.29	0.235	0.26	0.245	0.16667	0.245	0.2	0.215	0.175	0.255	0.26	0.235	0.225	0.225	0.25	0.21	0.245	0.195	0.165	0.235	0.21	0.24	0.225	0.235	0.16	0.23	0.225	0.2	0.205	0.215	0.205	0.195	0.215	0.2	0.19697	0.235	0.175	0.17	0.21	0.22	0.23	0.205	0.19	0.21	0.225	0.19	0.235	0.22	0.25	0.18	0.25	0.195	0.19	0.185	0.235	0.245	0.22	0.17	0.205	0.21	0.22	0.215	0.235	0.22222	0.2
"TA"	0.0101	0	0.06061	0.0404	0.0101	0.07071	0.05051	0.0101	0.0101	0.09091	0.0404	0	0.05051	0.05051	0.05102	0.0404	0.0404	0.0101	0.0404	0.0102	0.0404	0.0404	0.0404	0	0.06061	0.05051	0.0303	0.0404	0.0303	0.0303	0.0303	0.0303	0	0.0303	0.0101	0.0404	0.0202	0.06061	0.0101	0.0101	0.05051	0.05051	0	0.0202	0.0202	0.05051	0.08081	0.0404	0.08081	0.0303	0.0101	0	0	0.0101	0.02041	0.0303	0	0.0404	0.05051	0.06061	0	0.05051	0.09091	0.03061	0.0404	0.0202	0.0303	0.0202	0.0101	0.09091	0.0101	0	0.0303	0.06061	0.0303	0.06061	0.06061	0.0303	0.06061	0.05051	0	0	0.0202	0.0404	0.05051	0.03125	0.0101	0.0303	0.06061	0.07071	0	0.0303	0.0404	0.0202	0.0404	0.0303	0.0202	0.0404	0.05051	0.0303	0.06061	0.0303	0.0202	0.05051	0.0404	0.0101	0.08081	0.0303	0.0303	0.0303	0.0101	0.0202	0.02041	0.08081	0.07071	0.0404	0.05051	0.0303	0.07071	0.05051	0.05051	0	0.08081	0.0303	0.0202	0.0202	0.05051	0.0202	0.0101	0.0101	0.0303	0.0303	0.0404	0.0202	0.0404	0.09091	0.06061	0.06061	0.0303	0	0.05051	0.0404	0.0303	0	0.06061	0.0303	0.0303	0.06061	0.0404	0.0404	0.0202	0.06061	0.05051	0.05051	0.0404	0.07071	0.06061	0.0303	0.07071	0.0101	0.0303	0.0202	0.0101	0.0202	0.0101	0.0303	0.0202	0.0303	0.0303	0.04082	0.05051	0.0404	0.0202	0.0101	0.0303	0.0404	0.0303	0.0404	0.0202	0.05051	0.0404	0.05051	0.0202	0.0404	0.0404	0.06061	0	0.0404	0	0.05051	0.07071	0.0303	0	0.0303	0.0202	0.06061	0.0303	0.06061	0.04082	0.05051
"TT"	0.0101	0.0404	0.05556	0.04545	0.0202	0.10101	0.05051	0.02525	0.0303	0.04545	0.0404	0.04545	0.0404	0.04545	0.05102	0.06566	0.02525	0.0303	0.00505	0.03061	0.0202	0.06061	0.0303	0.05051	0.04545	0.04545	0.06566	0.05556	0.08081	0.06566	0.05556	0.03535	0.00505	0.05556	0.03535	0.04545	0.06566	0.11111	0.05556	0.05051	0.06061	0.06061	0.0202	0.13131	0.03535	0.05051	0.04545	0.05051	0.04545	0.0404	0.05051	0.0404	0.07071	0.05556	0.03571	0.0404	0.01515	0.02525	0.06566	0.05051	0	0.0303	0.05051	0.05102	0.0202	0.04545	0.06061	0.0202	0.06566	0.02525	0.07576	0.06061	0.07071	0.04545	0.05051	0.05556	0.09091	0.04545	0.04545	0.05051	0.0303	0.02525	0.05051	0.02525	0.0303	0.05208	0.04545	0.07071	0.09091	0.06061	0.0101	0.04545	0.05051	0.0303	0.04545	0.04545	0.0303	0.07071	0.05051	0.0404	0.0202	0.04545	0.06061	0.02525	0.07071	0.0303	0.07576	0.0404	0.0101	0.05051	0.06061	0.05051	0.0102	0.07071	0.06061	0.0404	0.03535	0.0303	0.06061	0.0404	0.03535	0.0303	0.07576	0.09091	0.0404	0.0404	0.0404	0.01515	0.04545	0.10606	0.0404	0.0404	0.09091	0.05556	0.0303	0.11616	0.05556	0.08586	0.08081	0.02041	0.05556	0.03535	0.04545	0.00505	0.06566	0.09091	0.07576	0.0404	0.05051	0.08586	0.06566	0.06566	0.02525	0.0101	0.07071	0.0404	0.0404	0.05051	0.08586	0.0202	0.04545	0.05051	0.0404	0.04545	0.06061	0.0202	0.0303	0.0202	0.0404	0.01531	0.0404	0.0202	0.0101	0.05556	0.05556	0.04545	0.0303	0.02525	0.02525	0.0303	0.02525	0.05051	0.07071	0.0404	0.01515	0.06566	0.06061	0.0101	0.06061	0.04545	0.08081	0.05051	0.0303	0.05051	0.0404	0.06566	0.06566	0.04545	0.05102	0.0303
"TC"	0.05051	0.06061	0.10101	0.06061	0.04545	0.0404	0.09596	0.06566	0.08081	0.05051	0.04545	0.08081	0.05051	0.11111	0.04592	0.0404	0.07071	0.0303	0.06566	0.06122	0.08081	0.04545	0.08081	0.05051	0.04545	0.11616	0.04545	0.0404	0.06061	0.06566	0.06061	0.06566	0.12121	0.07576	0.03535	0.06566	0.06061	0.04545	0.09091	0.06061	0.05556	0.04545	0.11111	0.05556	0.06061	0.08586	0.02525	0.07576	0.05556	0.06566	0.07071	0.08081	0.08081	0.06061	0.06122	0.05556	0.05051	0.10101	0.04545	0.05556	0.06566	0.04545	0.0303	0.08673	0.06566	0.07071	0.05556	0.15152	0.08081	0.0303	0.08586	0.04545	0.08081	0.06061	0.06061	0.06061	0.06566	0.07071	0.0404	0.07576	0.03535	0.10101	0.07071	0.07576	0.07071	0.06771	0.08586	0.08081	0.05051	0.04545	0.05051	0.04545	0.05556	0.05051	0.06566	0.07071	0.05051	0.06566	0.06566	0.10606	0.07071	0.06566	0.07576	0.05556	0.05556	0.05556	0.02525	0.06566	0.0404	0.07576	0.07576	0.08081	0.06633	0.0404	0.04545	0.07576	0.05051	0.05051	0.0404	0.08586	0.03535	0.07576	0.0404	0.06061	0.06566	0.05556	0.08586	0.06061	0.08081	0.05051	0.07576	0.04545	0.05556	0.0404	0.06566	0.05556	0.0404	0.07071	0.05051	0.05102	0.11616	0.07576	0.08586	0.09091	0.07071	0.07576	0.05051	0.07071	0.04545	0.05051	0.05556	0.09596	0.07071	0.07576	0.04545	0.05051	0.05556	0.05556	0.02525	0.05051	0.07576	0.08081	0.07576	0.08586	0.04545	0.06061	0.07071	0.06061	0.07576	0.06122	0.10606	0.04545	0.09091	0.07071	0.04545	0.06566	0.04545	0.07071	0.08081	0.06566	0.06061	0.06566	0.07071	0.08586	0.07576	0.10101	0.06566	0.05556	0.05556	0.07576	0.04545	0.05051	0.05051	0.07576	0.07071	0.0303	0.05556	0.06061	0.07143	0.07071
"TG"	0.08586	0.09596	0.0202	0.07576	0.13131	0.05556	0.03535	0.08081	0.07576	0.07071	0.09091	0.07071	0.06061	0.0303	0.08673	0.09091	0.06061	0.10101	0.10606	0.08163	0.05051	0.07071	0.07071	0.05051	0.08081	0.02525	0.09091	0.08586	0.08081	0.05556	0.09091	0.08586	0.05051	0.06061	0.08081	0.05051	0.08081	0.04545	0.06061	0.09091	0.07576	0.07071	0.02525	0.05051	0.09091	0.0404	0.05051	0.05051	0.05556	0.09091	0.06566	0.02525	0.08081	0.07576	0.08163	0.09091	0.06061	0.04545	0.08081	0.05556	0.0404	0.09091	0.06061	0.06122	0.06566	0.04545	0.07071	0.02525	0.06061	0.08586	0.05556	0.08586	0.05051	0.05051	0.06061	0.05051	0.03535	0.07071	0.09596	0.07576	0.07576	0.07071	0.10101	0.05051	0.08586	0.07292	0.08081	0.07576	0.06566	0.06566	0.05556	0.08586	0.08081	0.07576	0.08586	0.07071	0.08081	0.06566	0.05556	0.0404	0.04545	0.08586	0.07071	0.06566	0.06566	0.06566	0.07071	0.06061	0.05556	0.08586	0.05051	0.07071	0.07143	0.07071	0.07071	0.05051	0.07071	0.08586	0.09091	0.05051	0.11111	0.0303	0.0404	0.07576	0.07576	0.10606	0.05556	0.04545	0.08081	0.06566	0.04545	0.08081	0.06566	0.10606	0.07071	0.0303	0.08081	0.0404	0.08081	0.09184	0.02525	0.05051	0.05556	0.07576	0.05556	0.05556	0.08081	0.05556	0.09091	0.07071	0.06566	0.0202	0.04545	0.0303	0.07576	0.0404	0.08586	0.08586	0.05051	0.08081	0.08081	0.07576	0.07576	0.05556	0.10101	0.09091	0.07071	0.10606	0.05556	0.07653	0.0303	0.07071	0.05051	0.07071	0.09091	0.08081	0.09596	0.05556	0.08081	0.08081	0.06061	0.07071	0.06061	0.08586	0.04545	0.0202	0.07071	0.08081	0.07071	0.06566	0.05051	0.08586	0.08586	0.04545	0.08081	0.06566	0.06566	0.06566	0.06122	0.05051
"C"	0.345	0.305	0.26	0.28	0.29	0.235	0.26	0.32	0.3	0.245	0.285	0.305	0.295	0.265	0.26768	0.265	0.305	0.33	0.285	0.31818	0.31	0.285	0.28	0.345	0.27	0.265	0.27	0.28	0.25	0.285	0.265	0.275	0.325	0.275	0.34	0.29	0.275	0.235	0.285	0.285	0.26	0.27	0.345	0.245	0.29	0.27	0.3	0.285	0.26	0.27	0.305	0.35	0.27	0.295	0.29798	0.285	0.375	0.285	0.26	0.28	0.395	0.285	0.265	0.27273	0.31	0.315	0.28	0.28	0.28	0.27	0.275	0.305	0.27	0.285	0.3	0.265	0.245	0.285	0.255	0.25	0.36	0.3	0.26	0.31	0.26	0.27835	0.28	0.24	0.23	0.26	0.38	0.29	0.27	0.32	0.265	0.285	0.32	0.26	0.28	0.275	0.3	0.265	0.27	0.305	0.27	0.34	0.245	0.305	0.365	0.26	0.3	0.275	0.33333	0.24	0.255	0.29	0.295	0.305	0.24	0.265	0.27	0.36	0.265	0.245	0.3	0.28	0.265	0.355	0.285	0.27	0.305	0.305	0.25	0.28	0.29	0.21	0.265	0.24	0.255	0.33333	0.255	0.3	0.285	0.325	0.245	0.24	0.265	0.275	0.275	0.25	0.29	0.255	0.305	0.335	0.265	0.29	0.26	0.275	0.265	0.34	0.27	0.275	0.3	0.295	0.285	0.295	0.305	0.285	0.3	0.30303	0.265	0.325	0.33	0.29	0.28	0.27	0.295	0.31	0.29	0.275	0.31	0.265	0.28	0.25	0.32	0.25	0.305	0.31	0.315	0.265	0.255	0.28	0.33	0.295	0.29	0.28	0.285	0.265	0.27778	0.3
"CA"	0.08586	0.09596	0.0202	0.07576	0.13131	0.05556	0.03535	0.08081	0.07576	0.07071	0.09091	0.07071	0.06061	0.0303	0.08673	0.09091	0.06061	0.10101	0.10606	0.08163	0.05051	0.07071	0.07071	0.05051	0.08081	0.02525	0.09091	0.08586	0.08081	0.05556	0.09091	0.08586	0.05051	0.06061	0.08081	0.05051	0.08081	0.04545	0.06061	0.09091	0.07576	0.07071	0.02525	0.05051	0.09091	0.0404	0.05051	0.05051	0.05556	0.09091	0.06566	0.02525	0.08081	0.07576	0.08163	0.09091	0.06061	0.04545	0.08081	0.05556	0.0404	0.09091	0.06061	0.06122	0.06566	0.04545	0.07071	0.02525	0.06061	0.08586	0.05556	0.08586	0.05051	0.05051	0.06061	0.05051	0.03535	0.07071	0.09596	0.07576	0.07576	0.07071	0.10101	0.05051	0.08586	0.07292	0.08081	0.07576	0.06566	0.06566	0.05556	0.08586	0.08081	0.07576	0.08586	0.07071	0.08081	0.06566	0.05556	0.0404	0.04545	0.08586	0.07071	0.06566	0.06566	0.06566	0.07071	0.06061	0.05556	0.08586	0.05051	0.07071	0.07143	0.07071	0.07071	0.05051	0.07071	0.08586	0.09091	0.05051	0.11111	0.0303	0.0404	0.07576	0.07576	0.10606	0.05556	0.04545	0.08081	0.06566	0.04545	0.08081	0.06566	0.10606	0.07071	0.0303	0.08081	0.0404	0.08081	0.09184	0.02525	0.05051	0.05556	0.07576	0.05556	0.05556	0.08081	0.05556	0.09091	0.07071	0.06566	0.0202	0.04545	0.0303	0.07576	0.0404	0.08586	0.08586	0.05051	0.08081	0.08081	0.07576	0.07576	0.05556	0.10101	0.09091	0.07071	0.10606	0.05556	0.07653	0.0303	0.07071	0.05051	0.07071	0.09091	0.08081	0.09596	0.05556	0.08081	0.08081	0.06061	0.07071	0.06061	0.08586	0.04545	0.0202	0.07071	0.08081	0.07071	0.06566	0.05051	0.08586	0.08586	0.04545	0.08081	0.06566	0.06566	0.06566	0.06122	0.05051
"CT"	0.07071	0.06566	0.10101	0.08081	0.05556	0.06566	0.09091	0.07071	0.03535	0.06566	0.06566	0.08081	0.07576	0.10101	0.06122	0.06061	0.10606	0.06566	0.08081	0.07653	0.08586	0.06061	0.09596	0.03535	0.07071	0.10606	0.07071	0.05556	0.04545	0.07576	0.06061	0.09091	0.11111	0.09091	0.06566	0.08586	0.06061	0.07071	0.06566	0.07071	0.04545	0.07071	0.10606	0.05556	0.07576	0.09596	0.05556	0.07576	0.05556	0.07071	0.05051	0.05556	0.08081	0.05051	0.08673	0.06566	0.0404	0.10101	0.06566	0.06566	0.04545	0.06566	0.06061	0.05612	0.08586	0.06566	0.07576	0.15152	0.05556	0.04545	0.08586	0.06566	0.08081	0.05051	0.08081	0.08586	0.06566	0.04545	0.05051	0.05556	0.05556	0.11616	0.05051	0.07576	0.06566	0.03646	0.07576	0.06061	0.0404	0.05051	0.0404	0.06061	0.05556	0.05556	0.05556	0.05556	0.07576	0.05051	0.08081	0.10606	0.08586	0.07071	0.07071	0.05556	0.06566	0.09091	0.05051	0.07576	0.0404	0.05556	0.08586	0.08081	0.05612	0.05051	0.07071	0.08081	0.07071	0.07071	0.05051	0.09596	0.0404	0.06061	0.04545	0.0303	0.05556	0.06566	0.10101	0.05051	0.05556	0.04545	0.08586	0.03535	0.07576	0.05051	0.08586	0.08081	0.06061	0.07071	0.07071	0.06122	0.10101	0.08081	0.07071	0.03535	0.05556	0.06566	0.07576	0.07071	0.06566	0.06566	0.03535	0.10101	0.08586	0.09596	0.07576	0.04545	0.07576	0.06061	0.05556	0.04545	0.08081	0.07071	0.08081	0.06566	0.0404	0.09091	0.08081	0.06566	0.08586	0.07653	0.10101	0.06061	0.07071	0.05051	0.06061	0.06061	0.09091	0.08586	0.08081	0.06566	0.07576	0.04545	0.0303	0.05051	0.08586	0.09596	0.07071	0.07071	0.06566	0.06566	0.07576	0.07071	0.09596	0.07576	0.07071	0.03535	0.09091	0.06566	0.08163	0.07576
"CC"	0.13636	0.10606	0.12121	0.12626	0.10606	0.11111	0.10606	0.10606	0.12121	0.11111	0.12121	0.10606	0.14141	0.12626	0.11735	0.11111	0.12626	0.13131	0.10101	0.11224	0.14141	0.13131	0.11616	0.13131	0.10101	0.10606	0.11111	0.12121	0.10101	0.14646	0.11111	0.10101	0.13131	0.10101	0.11111	0.13636	0.12121	0.11111	0.11616	0.10606	0.10606	0.12121	0.16162	0.13131	0.11616	0.11616	0.13636	0.12626	0.12121	0.11111	0.12626	0.12626	0.10101	0.12121	0.10204	0.11111	0.12626	0.11111	0.10101	0.11616	0.12121	0.12626	0.11111	0.11735	0.10606	0.13131	0.12626	0.10606	0.11616	0.13636	0.12121	0.10606	0.11616	0.10606	0.10101	0.10101	0.10101	0.12121	0.11111	0.10606	0.11616	0.10606	0.10101	0.15152	0.10101	0.11458	0.12121	0.10101	0.11616	0.12626	0.12626	0.10606	0.12626	0.11616	0.11111	0.13131	0.13131	0.13131	0.11616	0.10101	0.15152	0.10101	0.12121	0.11616	0.11616	0.11616	0.12121	0.14646	0.13636	0.10101	0.14141	0.11616	0.20408	0.10101	0.11616	0.13131	0.14141	0.10101	0.10101	0.11111	0.11111	0.10101	0.16162	0.10101	0.14141	0.10606	0.10101	0.13131	0.12121	0.13131	0.15152	0.18687	0.10101	0.10101	0.11616	0.10101	0.11616	0.11111	0.10606	0.15816	0.11616	0.15657	0.12626	0.12121	0.11111	0.10101	0.10101	0.14646	0.10606	0.10101	0.12121	0.12626	0.15657	0.18687	0.10101	0.11616	0.10101	0.12121	0.12626	0.17172	0.10101	0.10606	0.12121	0.13131	0.11111	0.11111	0.12121	0.10606	0.12626	0.11735	0.12626	0.12626	0.12121	0.11111	0.11616	0.10606	0.11111	0.13636	0.11111	0.11616	0.15657	0.10606	0.11111	0.10101	0.16162	0.12121	0.11616	0.13131	0.10101	0.11111	0.10606	0.10606	0.12626	0.10606	0.12626	0.15152	0.10606	0.10101	0.11224	0.14141
"CG"	0.05051	0.0404	0.0202	0	0	0	0.0303	0.06061	0.07071	0	0.0101	0.05051	0.0202	0.0101	0	0	0.0101	0.0303	0	0.04082	0.0303	0.0202	0	0.13131	0.0202	0.0202	0	0.0202	0.0202	0.0101	0	0	0.0303	0.0202	0.08081	0.0202	0.0101	0.0101	0.0404	0.0202	0.0303	0.0101	0.05051	0.0101	0.0101	0.0202	0.05051	0.0303	0.0303	0	0.06061	0.14141	0.0101	0.05051	0.03061	0.0202	0.15152	0.0303	0.0101	0.0404	0.18182	0	0.0303	0.04082	0.05051	0.07071	0.0101	0	0.05051	0	0.0101	0.05051	0.0202	0.07071	0.06061	0.0303	0.0404	0.0404	0	0.0101	0.11111	0.0101	0.0101	0.0303	0.0101	0.05208	0	0	0.0101	0.0202	0.16162	0.0404	0.0101	0.07071	0.0101	0.0303	0.0303	0.0101	0.0303	0.0303	0.0202	0.0101	0.0101	0.07071	0.0202	0.07071	0	0.0202	0.13131	0.0202	0.0202	0.0101	0	0.0101	0	0.0303	0.0101	0.05051	0	0.0101	0.0101	0.17172	0.0202	0.0404	0.0303	0	0.0101	0.13131	0.0303	0.0303	0.0202	0	0.0101	0.0202	0.0202	0	0.0101	0.0202	0	0.02041	0.0101	0.0101	0.0303	0.09091	0.0202	0.0202	0.0101	0	0.0101	0.0101	0.07071	0.0101	0.0202	0.0202	0.0101	0.09091	0	0.0101	0.0303	0.0404	0	0.0202	0.0202	0.0404	0.0303	0	0.0303	0.0101	0.0303	0.03061	0.0101	0.07071	0.09091	0.06061	0.0101	0.0202	0	0.0303	0.0202	0.0101	0.0202	0.0404	0.08081	0.0101	0.0303	0.0101	0.05051	0.0303	0.08081	0.0202	0.0202	0.0202	0.0202	0.07071	0.0101	0.0303	0.0202	0.0303	0.02041	0.0303
"G"	0.345	0.305	0.26	0.28	0.29	0.235	0.26	0.32	0.3	0.245	0.285	0.305	0.295	0.265	0.26768	0.265	0.305	0.33	0.285	0.31818	0.31	0.285	0.28	0.345	0.27	0.265	0.27	0.28	0.25	0.285	0.265	0.275	0.325	0.275	0.34	0.29	0.275	0.235	0.285	0.285	0.26	0.27	0.345	0.245	0.29	0.27	0.3	0.285	0.26	0.27	0.305	0.35	0.27	0.295	0.29798	0.285	0.375	0.285	0.26	0.28	0.395	0.285	0.265	0.27273	0.31	0.315	0.28	0.28	0.28	0.27	0.275	0.305	0.27	0.285	0.3	0.265	0.245	0.285	0.255	0.25	0.36	0.3	0.26	0.31	0.26	0.27835	0.28	0.24	0.23	0.26	0.38	0.29	0.27	0.32	0.265	0.285	0.32	0.26	0.28	0.275	0.3	0.265	0.27	0.305	0.27	0.34	0.245	0.305	0.365	0.26	0.3	0.275	0.33333	0.24	0.255	0.29	0.295	0.305	0.24	0.265	0.27	0.36	0.265	0.245	0.3	0.28	0.265	0.355	0.285	0.27	0.305	0.305	0.25	0.28	0.29	0.21	0.265	0.24	0.255	0.33333	0.255	0.3	0.285	0.325	0.245	0.24	0.265	0.275	0.275	0.25	0.29	0.255	0.305	0.335	0.265	0.29	0.26	0.275	0.265	0.34	0.27	0.275	0.3	0.295	0.285	0.295	0.305	0.285	0.3	0.30303	0.265	0.325	0.33	0.29	0.28	0.27	0.295	0.31	0.29	0.275	0.31	0.265	0.28	0.25	0.32	0.25	0.305	0.31	0.315	0.265	0.255	0.28	0.33	0.295	0.29	0.28	0.285	0.265	0.27778	0.3
"GA"	0.05051	0.06061	0.10101	0.06061	0.04545	0.0404	0.09596	0.06566	0.08081	0.05051	0.04545	0.08081	0.05051	0.11111	0.04592	0.0404	0.07071	0.0303	0.06566	0.06122	0.08081	0.04545	0.08081	0.05051	0.04545	0.11616	0.04545	0.0404	0.06061	0.06566	0.06061	0.06566	0.12121	0.07576	0.03535	0.06566	0.06061	0.04545	0.09091	0.06061	0.05556	0.04545	0.11111	0.05556	0.06061	0.08586	0.02525	0.07576	0.05556	0.06566	0.07071	0.08081	0.08081	0.06061	0.06122	0.05556	0.05051	0.10101	0.04545	0.05556	0.06566	0.04545	0.0303	0.08673	0.06566	0.07071	0.05556	0.15152	0.08081	0.0303	0.08586	0.04545	0.08081	0.06061	0.06061	0.06061	0.06566	0.07071	0.0404	0.07576	0.03535	0.10101	0.07071	0.07576	0.07071	0.06771	0.08586	0.08081	0.05051	0.04545	0.05051	0.04545	0.05556	0.05051	0.06566	0.07071	0.05051	0.06566	0.06566	0.10606	0.07071	0.06566	0.07576	0.05556	0.05556	0.05556	0.02525	0.06566	0.0404	0.07576	0.07576	0.08081	0.06633	0.0404	0.04545	0.07576	0.05051	0.05051	0.0404	0.08586	0.03535	0.07576	0.0404	0.06061	0.06566	0.05556	0.08586	0.06061	0.08081	0.05051	0.07576	0.04545	0.05556	0.0404	0.06566	0.05556	0.0404	0.07071	0.05051	0.05102	0.11616	0.07576	0.08586	0.09091	0.07071	0.07576	0.05051	0.07071	0.04545	0.05051	0.05556	0.09596	0.07071	0.07576	0.04545	0.05051	0.05556	0.05556	0.02525	0.05051	0.07576	0.08081	0.07576	0.08586	0.04545	0.06061	0.07071	0.06061	0.07576	0.06122	0.10606	0.04545	0.09091	0.07071	0.04545	0.06566	0.04545	0.07071	0.08081	0.06566	0.06061	0.06566	0.07071	0.08586	0.07576	0.10101	0.06566	0.05556	0.05556	0.07576	0.04545	0.05051	0.05051	0.07576	0.07071	0.0303	0.05556	0.06061	0.07143	0.07071
"GT"	0.04545	0.05556	0.02525	0.05556	0.07576	0.08081	0.0303	0.04545	0.07071	0.05556	0.06061	0.06061	0.07071	0.01515	0.07143	0.0202	0.06566	0.06566	0.08081	0.07653	0.05556	0.06061	0.05556	0.06061	0.07576	0.02525	0.05051	0.0303	0.0404	0.0303	0.06061	0.06061	0.04545	0.05051	0.0404	0.05051	0.03535	0.06061	0.05051	0.04545	0.05051	0.0404	0.0303	0.03535	0.05051	0.05051	0.07071	0.06566	0.07576	0.05556	0.08586	0.04545	0.01515	0.06061	0.07143	0.07071	0.07071	0.0303	0.07071	0.05556	0.05051	0.0404	0.03535	0.02551	0.05556	0.03535	0.05051	0.02525	0.05051	0.08081	0.02525	0.06061	0.04545	0.08081	0.05556	0.06566	0.05051	0.05556	0.04545	0.06061	0.05556	0.0202	0.04545	0.05556	0.06566	0.07812	0.04545	0.0404	0.02525	0.05556	0.07071	0.07071	0.06566	0.05556	0.06566	0.07576	0.06566	0.03535	0.02525	0.0404	0.06061	0.06061	0.04545	0.08081	0.04545	0.0404	0.05051	0.0404	0.07576	0.07071	0.03535	0.04545	0.06122	0.06061	0.04545	0.06566	0.06061	0.0303	0.06566	0.05051	0.06061	0.05051	0.0404	0.05556	0.05556	0.05556	0.06061	0.05556	0.05556	0.03535	0.0404	0.05051	0.0404	0.05051	0.05051	0.03535	0.06566	0.02525	0.06566	0.08673	0.01515	0.0404	0.06061	0.06566	0.03535	0.04545	0.04545	0.05556	0.0303	0.05051	0.0404	0.0202	0.05556	0.04545	0.05051	0.06566	0.05556	0.0404	0.07576	0.06566	0.04545	0.05051	0.06566	0.06566	0.03535	0.03535	0.03535	0.09596	0.05556	0.06633	0.02525	0.04545	0.0303	0.07071	0.06061	0.05051	0.0404	0.06061	0.07071	0.06566	0.06061	0.04545	0.06566	0.06061	0.05051	0.0202	0.02525	0.05556	0.01515	0.06061	0.06061	0.06566	0.02525	0.0404	0.06566	0.05556	0.0202	0.04545	0.04082	0.05556
"GC"	0.11111	0.08081	0.0101	0.0404	0.06061	0	0.0303	0.10101	0.0303	0.0303	0.06061	0.06061	0.0303	0.0101	0.03061	0.09091	0.0404	0.10101	0.0303	0.07143	0.0303	0.05051	0.0202	0.10101	0.05051	0.0202	0.06061	0.08081	0.05051	0.0404	0.0303	0.05051	0.0303	0.05051	0.15152	0.0404	0.06061	0.0202	0.0303	0.07071	0.05051	0.06061	0.0404	0.0202	0.06061	0.0202	0.07071	0.0202	0.0101	0.0404	0.0202	0.10101	0.07071	0.05051	0.06122	0.0404	0.12121	0.0404	0.0404	0.05051	0.16162	0.07071	0.09091	0.04082	0.08081	0.08081	0.05051	0	0.0303	0.0202	0.0404	0.09091	0.0303	0.0404	0.08081	0.0404	0.0303	0.0404	0.06061	0.0101	0.15152	0.07071	0.0404	0.0303	0.0202	0.02083	0.0303	0.0202	0.0404	0.0303	0.13131	0.07071	0.0202	0.10101	0.0202	0.0101	0.07071	0.0303	0.07071	0.0303	0.0202	0.0404	0.0303	0.05051	0.05051	0.12121	0.05051	0.05051	0.11111	0.0101	0.05051	0.0303	0	0.0404	0.05051	0.0202	0.0404	0.12121	0.0303	0.0202	0.06061	0.13131	0.0202	0.0303	0.0404	0.06061	0.0202	0.11111	0.0303	0.05051	0.0404	0.0202	0.05051	0.09091	0.06061	0.0202	0.0404	0.0303	0.0303	0.04082	0.0101	0.0303	0.0101	0.05051	0.0303	0.0202	0.06061	0	0.09091	0.05051	0.07071	0.0101	0.0202	0.0303	0.07071	0.06061	0.05051	0.06061	0.0404	0.05051	0.05051	0.0404	0.0404	0.0101	0.09091	0.09091	0.08081	0.0202	0.0404	0.06122	0.0101	0.11111	0.08081	0.0404	0.06061	0.05051	0.10101	0.0404	0.0303	0.0303	0.0303	0.05051	0.0303	0	0.0303	0.0101	0.09091	0.07071	0.14141	0.0202	0.0404	0.06061	0.13131	0.07071	0.0303	0.0404	0.10101	0.06061	0.05102	0.0303
"GG"	0.13636	0.10606	0.12121	0.12626	0.10606	0.11111	0.10606	0.10606	0.12121	0.11111	0.12121	0.10606	0.14141	0.12626	0.11735	0.11111	0.12626	0.13131	0.10101	0.11224	0.14141	0.13131	0.11616	0.13131	0.10101	0.10606	0.11111	0.12121	0.10101	0.14646	0.11111	0.10101	0.13131	0.10101	0.11111	0.13636	0.12121	0.11111	0.11616	0.10606	0.10606	0.12121	0.16162	0.13131	0.11616	0.11616	0.13636	0.12626	0.12121	0.11111	0.12626	0.12626	0.10101	0.12121	0.10204	0.11111	0.12626	0.11111	0.10101	0.11616	0.12121	0.12626	0.11111	0.11735	0.10606	0.13131	0.12626	0.10606	0.11616	0.13636	0.12121	0.10606	0.11616	0.10606	0.10101	0.10101	0.10101	0.12121	0.11111	0.10606	0.11616	0.10606	0.10101	0.15152	0.10101	0.11458	0.12121	0.10101	0.11616	0.12626	0.12626	0.10606	0.12626	0.11616	0.11111	0.13131	0.13131	0.13131	0.11616	0.10101	0.15152	0.10101	0.12121	0.11616	0.11616	0.11616	0.12121	0.14646	0.13636	0.10101	0.14141	0.11616	0.20408	0.10101	0.11616	0.13131	0.14141	0.10101	0.10101	0.11111	0.11111	0.10101	0.16162	0.10101	0.14141	0.10606	0.10101	0.13131	0.12121	0.13131	0.15152	0.18687	0.10101	0.10101	0.11616	0.10101	0.11616	0.11111	0.10606	0.15816	0.11616	0.15657	0.12626	0.12121	0.11111	0.10101	0.10101	0.14646	0.10606	0.10101	0.12121	0.12626	0.15657	0.18687	0.10101	0.11616	0.10101	0.12121	0.12626	0.17172	0.10101	0.10606	0.12121	0.13131	0.11111	0.11111	0.12121	0.10606	0.12626	0.11735	0.12626	0.12626	0.12121	0.11111	0.11616	0.10606	0.11111	0.13636	0.11111	0.11616	0.15657	0.10606	0.11111	0.10101	0.16162	0.12121	0.11616	0.13131	0.10101	0.11111	0.10606	0.10606	0.12626	0.10606	0.12626	0.15152	0.10606	0.10101	0.11224	0.14141
